imo,name,date_of_application,eu_oj_link,source
1021570,Ocean 28,21.5.2025,https://eur-lex.europa.eu/legal-content/EN/TXT/?uri=celex%3A32025R0932,user-consolidated-xlsx
1031537,LADY JASMINE,24.7.2026,Regulation - 2026/1848 - EN - EUR-Lex,user-consolidated-xlsx
1064493,OCEAN FORTUNE 18,24.7.2026,Regulation - 2026/1848 - EN - EUR-Lex,user-consolidated-xlsx
7303803,AN SAN 1,30.03.2018,,dma-weekly
7389704,RYE SONG GANG 1,28.12.2017,,dma-weekly
7408873,SAM JONG 2,30.03.2018,,dma-weekly
7640378,1. RYONG GANG 2 2. TAN CHON,21.06.2017,,dma-weekly
7808401,BEBEK-E,24.7.2026,Regulation - 2026/1848 - EN - EUR-Lex,user-consolidated-xlsx
7937317,1. CHONG CHON GANG 2. TONG HUNG SAN,21.06.2017,,dma-weekly
8010427,OPHELIA,24.10.2025,https://eur-lex.europa.eu/legal-content/EN/TXT/?uri=CELEX%3A32025R2033&qid=1761291336534,user-consolidated-xlsx
8018900,1. HYOK SIN 2. JI HYE SAN 3. RI WON 105,21.06.2017,,dma-weekly
8018912,1. JON JIN 2. RYONG RIM 3. SIN PHO 99,21.06.2017,,dma-weekly
8106496,SAM MA 2,30.03.2018,,dma-weekly
8122347,NAM SAN 8,30.03.2018,,dma-weekly
8126070,SHANG YUAN BAO,16.10.2018,,dma-weekly
8133530,1. JANG JA SAN CHONG NYON HO 2. SONGJIN 3. SONG JIN 4. HONGWON 88,21.06.2017,,dma-weekly
8231057,Volgoneft 251,20.7.2025,https://eur-lex.europa.eu/legal-content/EN/TXT/?uri=OJ:L_202501494,user-consolidated-xlsx
8312497,NEW REGENT,16.06.2018,,dma-weekly
8330815,1. O UN CHONG NYON HO 2. HU CHANG,21.06.2017,,dma-weekly
8405270,1. HWANG GUM SAN 2. HUI CHON 3. SONG PHYONG 7,21.06.2017,,dma-weekly
8405311,SAM JONG 1,30.03.2018,,dma-weekly
8408595,WOORY STAR,30.03.2018,,dma-weekly
8412467,SOUTH HILL 2,21.06.2017,,dma-weekly
8414477,FLANDRIA,24.10.2025,https://eur-lex.europa.eu/legal-content/EN/TXT/?uri=CELEX%3A32025R2033&qid=1761291336534,user-consolidated-xlsx
8503228,JI SONG 8,30.03.2018,,dma-weekly
8517839,Maria,25.6.2024,https://eur-lex.europa.eu/legal-content/EN/TXT/?uri=celex%3A32024R1745,user-consolidated-xlsx
8518572,JIN HYE,30.03.2018,,dma-weekly
8518780,JIE SHUN,03.10.2017,,dma-weekly
8604917,YU JONG 2,30.03.2018,,dma-weekly
8605026,YU PHYONG 5,30.03.2018,,dma-weekly
8606173,1. RYONG GUN BONG 2. CHOL RYONG 3. PUKCHONG 33,21.06.2017,,dma-weekly
8625545,RA NAM 2,21.06.2017,,dma-weekly
8628597,HAO FAN 6,03.10.2017,,dma-weekly
8660313,CHON MA SAN,30.03.2018,,dma-weekly
8661575,TONG HUNG 1,21.06.2017,,dma-weekly
8691702,YU SON,30.03.2018,,dma-weekly
8700096,Partizansk,21.5.2025,https://eur-lex.europa.eu/legal-content/EN/TXT/?uri=celex%3A32025R0932,user-consolidated-xlsx
8705539,KUM UN SAN 3,16.10.2018,,dma-weekly
8712362,CHON MYONG 1,30.03.2018,,dma-weekly
8713471,MI RIM,21.06.2017,,dma-weekly
8724779,VANINO,24.10.2025,https://eur-lex.europa.eu/legal-content/EN/TXT/?uri=CELEX%3A32025R2033&qid=1761291336534,user-consolidated-xlsx
8724793,KORSAKOV,24.7.2026,Regulation - 2026/1848 - EN - EUR-Lex,user-consolidated-xlsx
8747604,HAO FAN 2,30.03.2018,,dma-weekly
8791667,WAN HENG 11,30.03.2018,,dma-weekly
8808525,BRONCO,24.10.2025,https://eur-lex.europa.eu/legal-content/EN/TXT/?uri=CELEX%3A32025R2033&qid=1761291336534,user-consolidated-xlsx
8819017,1. RAK WON 2 2. SE PHO 3. BURYONG3,21.06.2017,,dma-weekly
8821761,Nimbus Spb,21.5.2025,https://eur-lex.europa.eu/legal-content/EN/TXT/?uri=celex%3A32025R0932,user-consolidated-xlsx
8829555,1. PO THONG GANG 2. O RANG 3. SONG PHYONG 1,21.06.2017,,dma-weekly
8829593,1. PI RYU GANG 2. KANG GYE,21.06.2017,,dma-weekly
8862935,SANRAYZ,24.4.2026,Regulation - EU - 2026/506 - EN - EUR-Lex,user-consolidated-xlsx
8867129,Volgoneft 160,20.7.2025,https://eur-lex.europa.eu/legal-content/EN/TXT/?uri=OJ:L_202501494,user-consolidated-xlsx
8898740,JI SONG 6,30.03.2018,,dma-weekly
8909575,1. BLUE NOUVELLE 2. GREENLIGHT 3. CHONG BONG,21.06.2017,,dma-weekly
8914934,FAN KE,30.03.2018,,dma-weekly
8915299,DAMAS WAVE,24.7.2026,Regulation - 2026/1848 - EN - EUR-Lex,user-consolidated-xlsx
8915548,RYAZAN,24.10.2025,https://eur-lex.europa.eu/legal-content/EN/TXT/?uri=CELEX%3A32025R2033&qid=1761291336534,user-consolidated-xlsx
8915550,NOYABRSK,24.10.2025,https://eur-lex.europa.eu/legal-content/EN/TXT/?uri=CELEX%3A32025R2033&qid=1761291336534,user-consolidated-xlsx
8916293,1. CHONG RIM 2. SAEBYOL,21.06.2017,,dma-weekly
8916580,ASIA BRIDGE 1,30.03.2018,,dma-weekly
8918540,BERGEN T,24.10.2025,https://eur-lex.europa.eu/legal-content/EN/TXT/?uri=CELEX%3A32025R2033&qid=1761291336534,user-consolidated-xlsx
8920579,NAVIK,24.10.2025,https://eur-lex.europa.eu/legal-content/EN/TXT/?uri=CELEX%3A32025R2033&qid=1761291336534,user-consolidated-xlsx
8920581,MELITO CARRIER,24.10.2025,https://eur-lex.europa.eu/legal-content/EN/TXT/?uri=CELEX%3A32025R2033&qid=1761291336534,user-consolidated-xlsx
8937675,TONG SAN 2,03.10.2017,,dma-weekly
8984848,BILAL BEY,24.7.2026,Regulation - 2026/1848 - EN - EUR-Lex,user-consolidated-xlsx
8987333,RYO MYONG,21.06.2017,,dma-weekly
9004700,XIN GUANG HAI,30.03.2018,,dma-weekly
9008201,DONG FENG 6,30.03.2018,,dma-weekly
9009085,1. PETREL 1 2. THAE PYONG SAN,21.06.2017,,dma-weekly
9020003,HUA FU,30.03.2018,,dma-weekly
9020534,RUNG RA 2,28.12.2017,,dma-weekly
9030591,YUK TUNG,30.03.2018,,dma-weekly
9036272,KORD ARCTIC,24.7.2026,Regulation - 2026/1848 - EN - EUR-Lex,user-consolidated-xlsx
9036284,NORDSTRAUM,24.10.2025,https://eur-lex.europa.eu/legal-content/EN/TXT/?uri=CELEX%3A32025R2033&qid=1761291336534,user-consolidated-xlsx
9037123,AS CALCUTTA,19.12.2025,Regulation - EU - 2025/2618 - EN - EUR-Lex,user-consolidated-xlsx
9041552,HOE RYONG,21.06.2017,,dma-weekly
9056571,Immanuel,21.5.2025,https://eur-lex.europa.eu/legal-content/EN/TXT/?uri=celex%3A32025R0932,user-consolidated-xlsx
9066540,HAP JANG GANG 6,30.03.2018,,dma-weekly
9066978,PAEK MA,30.03.2018,,dma-weekly
9079169,Enisey,25.6.2024,https://eur-lex.europa.eu/legal-content/EN/TXT/?uri=celex%3A32024R1745,user-consolidated-xlsx
9083184,BIRTHE THERESI,24.10.2025,https://eur-lex.europa.eu/legal-content/EN/TXT/?uri=CELEX%3A32025R2033&qid=1761291336534,user-consolidated-xlsx
9087714,Ostrov Russkiy,21.5.2025,https://eur-lex.europa.eu/legal-content/EN/TXT/?uri=celex%3A32025R0932,user-consolidated-xlsx
9105140,Taimyr,21.5.2025,https://eur-lex.europa.eu/legal-content/EN/TXT/?uri=celex%3A32025R0932,user-consolidated-xlsx
9113276,MT Konstantinovsk,20.7.2025,https://eur-lex.europa.eu/legal-content/EN/TXT/?uri=OJ:L_202501494,user-consolidated-xlsx
9114555,UL JI BONG 6,28.12.2017,,dma-weekly
9137648,Caruzo,21.5.2025,https://eur-lex.europa.eu/legal-content/EN/TXT/?uri=celex%3A32025R0932,user-consolidated-xlsx
9142916,Okean,21.5.2025,https://eur-lex.europa.eu/legal-content/EN/TXT/?uri=celex%3A32025R0932,user-consolidated-xlsx
9144782,Bodhi (formerly Robon),25.6.2024,https://eur-lex.europa.eu/legal-content/EN/TXT/?uri=celex%3A32024R1745,user-consolidated-xlsx
9147447,TAVIAN,24.7.2026,Regulation - 2026/1848 - EN - EUR-Lex,user-consolidated-xlsx
9151890,Odin,21.5.2025,https://eur-lex.europa.eu/legal-content/EN/TXT/?uri=celex%3A32025R0932,user-consolidated-xlsx
9156981,G.ROSSINI,24.7.2026,Regulation - 2026/1848 - EN - EUR-Lex,user-consolidated-xlsx
9157002,ERIDAN,24.7.2026,Regulation - 2026/1848 - EN - EUR-Lex,user-consolidated-xlsx
9157014,SOLSTRAUM,24.7.2026,Regulation - 2026/1848 - EN - EUR-Lex,user-consolidated-xlsx
9161003,Lady R,25.6.2024,https://eur-lex.europa.eu/legal-content/EN/TXT/?uri=celex%3A32024R1745,user-consolidated-xlsx
9163764,Arno Babajanyan,21.5.2025,https://eur-lex.europa.eu/legal-content/EN/TXT/?uri=celex%3A32025R0932,user-consolidated-xlsx
9164512,Avior,21.5.2025,https://eur-lex.europa.eu/legal-content/EN/TXT/?uri=celex%3A32025R0932,user-consolidated-xlsx
9164718,THOTH,24.10.2025,https://eur-lex.europa.eu/legal-content/EN/TXT/?uri=CELEX%3A32025R2033&qid=1761291336534,user-consolidated-xlsx
9166314,ASTORIA,24.4.2026,Regulation - EU - 2026/506 - EN - EUR-Lex,user-consolidated-xlsx
9167930,MURMANSK,19.12.2025,Regulation - EU - 2025/2618 - EN - EUR-Lex,user-consolidated-xlsx
9168946,Zevs,21.5.2025,https://eur-lex.europa.eu/legal-content/EN/TXT/?uri=celex%3A32025R0932,user-consolidated-xlsx
9171175,Cilicia,21.5.2025,https://eur-lex.europa.eu/legal-content/EN/TXT/?uri=celex%3A32025R0932,user-consolidated-xlsx
9175078,Zambra,21.5.2025,https://eur-lex.europa.eu/legal-content/EN/TXT/?uri=celex%3A32025R0932,user-consolidated-xlsx
9179842,Angara,25.6.2024,https://eur-lex.europa.eu/legal-content/EN/TXT/?uri=celex%3A32024R1745,user-consolidated-xlsx
9183295,Neon,21.5.2025,https://eur-lex.europa.eu/legal-content/EN/TXT/?uri=celex%3A32025R0932,user-consolidated-xlsx
9183831,Np Dudinka,21.5.2025,https://eur-lex.europa.eu/legal-content/EN/TXT/?uri=celex%3A32025R0932,user-consolidated-xlsx
9186625,STAR MM,19.12.2025,Regulation - EU - 2025/2618 - EN - EUR-Lex,user-consolidated-xlsx
9187227,Meru,21.5.2025,https://eur-lex.europa.eu/legal-content/EN/TXT/?uri=celex%3A32025R0932,user-consolidated-xlsx
9189146,KYLO,24.10.2025,https://eur-lex.europa.eu/legal-content/EN/TXT/?uri=CELEX%3A32025R2033&qid=1761291336534,user-consolidated-xlsx
9191773,BILLIONS NO. 18,28.12.2017,,dma-weekly
9194012,ANABAR,24.10.2025,https://eur-lex.europa.eu/legal-content/EN/TXT/?uri=CELEX%3A32025R2033&qid=1761291336534,user-consolidated-xlsx
9194983,Deliver,25.2.2025,https://eur-lex.europa.eu/legal-content/EN/TXT/?uri=celex%3A32025R0395,user-consolidated-xlsx
9198082,GLOBAL STAR,24.4.2026,Regulation - EU - 2026/506 - EN - EUR-Lex,user-consolidated-xlsx
9198290,MD Miranda,21.5.2025,https://eur-lex.europa.eu/legal-content/EN/TXT/?uri=celex%3A32025R0932,user-consolidated-xlsx
9198783,Maria,20.7.2025,https://eur-lex.europa.eu/legal-content/EN/TXT/?uri=OJ:L_202501494,user-consolidated-xlsx
9199127,Koen,21.5.2025,https://eur-lex.europa.eu/legal-content/EN/TXT/?uri=celex%3A32025R0932,user-consolidated-xlsx
9205067,Raven,21.5.2025,https://eur-lex.europa.eu/legal-content/EN/TXT/?uri=celex%3A32025R0932,user-consolidated-xlsx
9206671,Rangler,21.5.2025,https://eur-lex.europa.eu/legal-content/EN/TXT/?uri=celex%3A32025R0932,user-consolidated-xlsx
9207027,Vernal,20.7.2025,https://eur-lex.europa.eu/legal-content/EN/TXT/?uri=OJ:L_202501494,user-consolidated-xlsx
9208069,Stellar Beverly,21.5.2025,https://eur-lex.europa.eu/legal-content/EN/TXT/?uri=celex%3A32025R0932,user-consolidated-xlsx
9208124,Sky Rider,21.5.2025,https://eur-lex.europa.eu/legal-content/EN/TXT/?uri=celex%3A32025R0932,user-consolidated-xlsx
9209972,Temiro,25.2.2025,https://eur-lex.europa.eu/legal-content/EN/TXT/?uri=celex%3A32025R0395,user-consolidated-xlsx
9211896,ZAL PARS 3,19.12.2025,Regulation - EU - 2025/2618 - EN - EUR-Lex,user-consolidated-xlsx
9211999,SOFIA,24.10.2025,https://eur-lex.europa.eu/legal-content/EN/TXT/?uri=CELEX%3A32025R2033&qid=1761291336534,user-consolidated-xlsx
9213313,ALBEDO,24.7.2026,Regulation - 2026/1848 - EN - EUR-Lex,user-consolidated-xlsx
9216298,East Energy,25.2.2025,https://eur-lex.europa.eu/legal-content/EN/TXT/?uri=celex%3A32025R0395,user-consolidated-xlsx
9222560,Cheetah II,21.5.2025,https://eur-lex.europa.eu/legal-content/EN/TXT/?uri=celex%3A32025R0932,user-consolidated-xlsx
9224283,Neer 1 (formerly Kapal Cantik),25.2.2025,https://eur-lex.europa.eu/legal-content/EN/TXT/?uri=celex%3A32025R0395,user-consolidated-xlsx
9224439,CAROLINE BEZENGI,24.10.2025,https://eur-lex.europa.eu/legal-content/EN/TXT/?uri=CELEX%3A32025R2033&qid=1761291336534,user-consolidated-xlsx
9224441,FIRN,24.10.2025,https://eur-lex.europa.eu/legal-content/EN/TXT/?uri=CELEX%3A32025R2033&qid=1761291336534,user-consolidated-xlsx
9224465,OLAF 1,21.5.2025,https://eur-lex.europa.eu/legal-content/EN/TXT/?uri=celex%3A32025R0932,user-consolidated-xlsx
9227443,Arlan,21.5.2025,https://eur-lex.europa.eu/legal-content/EN/TXT/?uri=celex%3A32025R0932,user-consolidated-xlsx
9229374,Odune,21.5.2025,https://eur-lex.europa.eu/legal-content/EN/TXT/?uri=celex%3A32025R0932,user-consolidated-xlsx
9230971,Skadi,20.7.2025,https://eur-lex.europa.eu/legal-content/EN/TXT/?uri=OJ:L_202501494,user-consolidated-xlsx
9231212,Xanthos Eos (formerly Mermar),25.2.2025,https://eur-lex.europa.eu/legal-content/EN/TXT/?uri=celex%3A32025R0395,user-consolidated-xlsx
9231509,Trend,21.5.2025,https://eur-lex.europa.eu/legal-content/EN/TXT/?uri=celex%3A32025R0932,user-consolidated-xlsx
9232888,Ailama,20.7.2025,https://eur-lex.europa.eu/legal-content/EN/TXT/?uri=OJ:L_202501494,user-consolidated-xlsx
9232929,Maisha,21.5.2025,https://eur-lex.europa.eu/legal-content/EN/TXT/?uri=celex%3A32025R0932,user-consolidated-xlsx
9232931,Narcissus,21.5.2025,https://eur-lex.europa.eu/legal-content/EN/TXT/?uri=celex%3A32025R0932,user-consolidated-xlsx
9233349,Vesna,21.5.2025,https://eur-lex.europa.eu/legal-content/EN/TXT/?uri=celex%3A32025R0932,user-consolidated-xlsx
9233741,Mitzel (formerly Olivia),21.5.2025,https://eur-lex.europa.eu/legal-content/EN/TXT/?uri=celex%3A32025R0932,user-consolidated-xlsx
9233765,Aulis,20.7.2025,https://eur-lex.europa.eu/legal-content/EN/TXT/?uri=OJ:L_202501494,user-consolidated-xlsx
9233777,OCEAN II,24.4.2026,Regulation - EU - 2026/506 - EN - EUR-Lex,user-consolidated-xlsx
9234501,Sealion I,20.7.2025,https://eur-lex.europa.eu/legal-content/EN/TXT/?uri=OJ:L_202501494,user-consolidated-xlsx
9234642,Koala,21.5.2025,https://eur-lex.europa.eu/legal-content/EN/TXT/?uri=celex%3A32025R0932,user-consolidated-xlsx
9235000,COATLICUE,24.10.2025,https://eur-lex.europa.eu/legal-content/EN/TXT/?uri=CELEX%3A32025R2033&qid=1761291336534,user-consolidated-xlsx
9235713,Amber 6,17.12.2024,https://eur-lex.europa.eu/legal-content/EN/TXT/?uri=celex%3A32024R3192,user-consolidated-xlsx
9235725,Fuga Bluemarine,21.5.2025,https://eur-lex.europa.eu/legal-content/EN/TXT/?uri=celex%3A32025R0932,user-consolidated-xlsx
9236004,Katiuska,21.5.2025,https://eur-lex.europa.eu/legal-content/EN/TXT/?uri=celex%3A32025R0932,user-consolidated-xlsx
9236016,Vision,20.7.2025,https://eur-lex.europa.eu/legal-content/EN/TXT/?uri=OJ:L_202501494,user-consolidated-xlsx
9236248,FENGHUANG,19.12.2025,Regulation - EU - 2025/2618 - EN - EUR-Lex,user-consolidated-xlsx
9236353,Blue,21.5.2025,https://eur-lex.europa.eu/legal-content/EN/TXT/?uri=celex%3A32025R0932,user-consolidated-xlsx
9236640,Onyx,21.5.2025,https://eur-lex.europa.eu/legal-content/EN/TXT/?uri=celex%3A32025R0932,user-consolidated-xlsx
9236743,PRIMORYE,24.10.2025,https://eur-lex.europa.eu/legal-content/EN/TXT/?uri=CELEX%3A32025R2033&qid=1761291336534,user-consolidated-xlsx
9237228,Thane,21.5.2025,https://eur-lex.europa.eu/legal-content/EN/TXT/?uri=celex%3A32025R0932,user-consolidated-xlsx
9237412,HANSON,19.12.2025,Regulation - EU - 2025/2618 - EN - EUR-Lex,user-consolidated-xlsx
9240885,LONGEVITY 7,24.10.2025,https://eur-lex.europa.eu/legal-content/EN/TXT/?uri=CELEX%3A32025R2033&qid=1761291336534,user-consolidated-xlsx
9242223,ADONIA,24.10.2025,https://eur-lex.europa.eu/legal-content/EN/TXT/?uri=CELEX%3A32025R2033&qid=1761291336534,user-consolidated-xlsx
9243148,Metagas Everest,25.2.2025,https://eur-lex.europa.eu/legal-content/EN/TXT/?uri=celex%3A32025R0395,user-consolidated-xlsx
9243320,YEHOPE,24.7.2026,Regulation - 2026/1848 - EN - EUR-Lex,user-consolidated-xlsx
9247376,Mariel,20.7.2025,https://eur-lex.europa.eu/legal-content/EN/TXT/?uri=OJ:L_202501494,user-consolidated-xlsx
9247429,Indri,20.7.2025,https://eur-lex.europa.eu/legal-content/EN/TXT/?uri=OJ:L_202501494,user-consolidated-xlsx
9247431,Wilma II,25.2.2025,https://eur-lex.europa.eu/legal-content/EN/TXT/?uri=celex%3A32025R0395,user-consolidated-xlsx
9247443,Quartanus (formerly Morpheus),21.5.2025,https://eur-lex.europa.eu/legal-content/EN/TXT/?uri=celex%3A32025R0932,user-consolidated-xlsx
9247778,BREEZ,19.12.2025,Regulation - EU - 2025/2618 - EN - EUR-Lex,user-consolidated-xlsx
9247780,Turaco,21.5.2025,https://eur-lex.europa.eu/legal-content/EN/TXT/?uri=celex%3A32025R0932,user-consolidated-xlsx
9247792,Lalique,21.5.2025,https://eur-lex.europa.eu/legal-content/EN/TXT/?uri=celex%3A32025R0932,user-consolidated-xlsx
9247883,Hatti,21.5.2025,https://eur-lex.europa.eu/legal-content/EN/TXT/?uri=celex%3A32025R0932,user-consolidated-xlsx
9248796,IRON WAVE,24.10.2025,https://eur-lex.europa.eu/legal-content/EN/TXT/?uri=CELEX%3A32025R2033&qid=1761291336534,user-consolidated-xlsx
9248801,Ascendant,21.5.2025,https://eur-lex.europa.eu/legal-content/EN/TXT/?uri=celex%3A32025R0932,user-consolidated-xlsx
9248849,Silvera,21.5.2025,https://eur-lex.europa.eu/legal-content/EN/TXT/?uri=celex%3A32025R0932,user-consolidated-xlsx
9249128,SAKHALIN,24.4.2026,Regulation - EU - 2026/506 - EN - EUR-Lex,user-consolidated-xlsx
9249130,Peace,20.7.2025,https://eur-lex.europa.eu/legal-content/EN/TXT/?uri=OJ:L_202501494,user-consolidated-xlsx
9249312,Izola,21.5.2025,https://eur-lex.europa.eu/legal-content/EN/TXT/?uri=celex%3A32025R0932,user-consolidated-xlsx
9250050,PALLADA,24.7.2026,Regulation - 2026/1848 - EN - EUR-Lex,user-consolidated-xlsx
9250531,Rozmarine,21.5.2025,https://eur-lex.europa.eu/legal-content/EN/TXT/?uri=celex%3A32025R0932,user-consolidated-xlsx
9250543,Invicta,21.5.2025,https://eur-lex.europa.eu/legal-content/EN/TXT/?uri=celex%3A32025R0932,user-consolidated-xlsx
9250892,Mikati,20.7.2025,https://eur-lex.europa.eu/legal-content/EN/TXT/?uri=OJ:L_202501494,user-consolidated-xlsx
9251274,Crius,25.2.2025,https://eur-lex.europa.eu/legal-content/EN/TXT/?uri=celex%3A32025R0395,user-consolidated-xlsx
9251456,Daphne I,21.5.2025,https://eur-lex.europa.eu/legal-content/EN/TXT/?uri=celex%3A32025R0932,user-consolidated-xlsx
9251743,DAKAR,24.7.2026,Regulation - 2026/1848 - EN - EUR-Lex,user-consolidated-xlsx
9251810,Cross Ocean,20.7.2025,https://eur-lex.europa.eu/legal-content/EN/TXT/?uri=OJ:L_202501494,user-consolidated-xlsx
9252400,SEAL,24.10.2025,https://eur-lex.europa.eu/legal-content/EN/TXT/?uri=CELEX%3A32025R2033&qid=1761291336534,user-consolidated-xlsx
9252955,BRIONT,24.10.2025,https://eur-lex.europa.eu/legal-content/EN/TXT/?uri=CELEX%3A32025R2033&qid=1761291336534,user-consolidated-xlsx
9252967,GRACEP,24.4.2026,Regulation - EU - 2026/506 - EN - EUR-Lex,user-consolidated-xlsx
9253076,Reus,21.5.2025,https://eur-lex.europa.eu/legal-content/EN/TXT/?uri=celex%3A32025R0932,user-consolidated-xlsx
9253234,Gurudev,21.5.2025,https://eur-lex.europa.eu/legal-content/EN/TXT/?uri=celex%3A32025R0932,user-consolidated-xlsx
9253313,Arabela,20.7.2025,https://eur-lex.europa.eu/legal-content/EN/TXT/?uri=OJ:L_202501494,user-consolidated-xlsx
9253325,Nurkez,21.5.2025,https://eur-lex.europa.eu/legal-content/EN/TXT/?uri=celex%3A32025R0932,user-consolidated-xlsx
9253894,Destamar,21.5.2025,https://eur-lex.europa.eu/legal-content/EN/TXT/?uri=celex%3A32025R0932,user-consolidated-xlsx
9255244,Bolognia Falcon,21.5.2025,https://eur-lex.europa.eu/legal-content/EN/TXT/?uri=celex%3A32025R0932,user-consolidated-xlsx
9255268,ANDREY PERVOZVANNIY,24.7.2026,Regulation - 2026/1848 - EN - EUR-Lex,user-consolidated-xlsx
9255270,NP DIKSON,19.12.2025,Regulation - EU - 2025/2618 - EN - EUR-Lex,user-consolidated-xlsx
9255282,PIONEER,24.7.2026,Regulation - 2026/1848 - EN - EUR-Lex,user-consolidated-xlsx
9255660,Pontus I,25.2.2025,https://eur-lex.europa.eu/legal-content/EN/TXT/?uri=celex%3A32025R0395,user-consolidated-xlsx
9255672,Lebre,20.7.2025,https://eur-lex.europa.eu/legal-content/EN/TXT/?uri=OJ:L_202501494,user-consolidated-xlsx
9255684,Golden Eagle,20.7.2025,https://eur-lex.europa.eu/legal-content/EN/TXT/?uri=OJ:L_202501494,user-consolidated-xlsx
9255830,Sea Marine I,20.7.2025,https://eur-lex.europa.eu/legal-content/EN/TXT/?uri=OJ:L_202501494,user-consolidated-xlsx
9256028,Seginus,20.7.2025,https://eur-lex.europa.eu/legal-content/EN/TXT/?uri=OJ:L_202501494,user-consolidated-xlsx
9256054,NEVSKIY PROSPECT,24.10.2025,https://eur-lex.europa.eu/legal-content/EN/TXT/?uri=CELEX%3A32025R2033&qid=1761291336534,user-consolidated-xlsx
9256066,Ligovsky Prospect,25.2.2025,https://eur-lex.europa.eu/legal-content/EN/TXT/?uri=celex%3A32025R0395,user-consolidated-xlsx
9256078,LITEYNY PROSPECT,24.10.2025,https://eur-lex.europa.eu/legal-content/EN/TXT/?uri=CELEX%3A32025R2033&qid=1761291336534,user-consolidated-xlsx
9256602,Sputnik Energy (formerly Pioneer),17.12.2024,https://eur-lex.europa.eu/legal-content/EN/TXT/?uri=celex%3A32024R3192,user-consolidated-xlsx
9257022,Starlit,21.5.2025,https://eur-lex.europa.eu/legal-content/EN/TXT/?uri=celex%3A32025R0932,user-consolidated-xlsx
9257137,Min Hang,21.5.2025,https://eur-lex.europa.eu/legal-content/EN/TXT/?uri=celex%3A32025R0932,user-consolidated-xlsx
9257802,FURIA,24.10.2025,https://eur-lex.europa.eu/legal-content/EN/TXT/?uri=CELEX%3A32025R2033&qid=1761291336534,user-consolidated-xlsx
9257814,Torex,21.5.2025,https://eur-lex.europa.eu/legal-content/EN/TXT/?uri=celex%3A32025R0932,user-consolidated-xlsx
9258002,Kazan,25.2.2025,https://eur-lex.europa.eu/legal-content/EN/TXT/?uri=celex%3A32025R0395,user-consolidated-xlsx
9258026,Ederra,25.2.2025,https://eur-lex.europa.eu/legal-content/EN/TXT/?uri=celex%3A32025R0395,user-consolidated-xlsx
9258167,Akar West,20.7.2025,https://eur-lex.europa.eu/legal-content/EN/TXT/?uri=OJ:L_202501494,user-consolidated-xlsx
9258478,GT HONOR,19.12.2025,Regulation - EU - 2025/2618 - EN - EUR-Lex,user-consolidated-xlsx
9258868,Noctis (formerly Luna; Asher),25.2.2025,https://eur-lex.europa.eu/legal-content/EN/TXT/?uri=celex%3A32025R0395,user-consolidated-xlsx
9258882,Carcharodon,21.5.2025,https://eur-lex.europa.eu/legal-content/EN/TXT/?uri=celex%3A32025R0932,user-consolidated-xlsx
9259185,Daksha (formerly Hebe),25.6.2024,https://eur-lex.europa.eu/legal-content/EN/TXT/?uri=celex%3A32024R1745,user-consolidated-xlsx
9259197,Thalia III,21.5.2025,https://eur-lex.europa.eu/legal-content/EN/TXT/?uri=celex%3A32025R0932,user-consolidated-xlsx
9259599,AKKORD,24.7.2026,Regulation - 2026/1848 - EN - EUR-Lex,user-consolidated-xlsx
9259733,Yi Tong,21.5.2025,https://eur-lex.europa.eu/legal-content/EN/TXT/?uri=celex%3A32025R0932,user-consolidated-xlsx
9259745,Eternal Peace,21.5.2025,https://eur-lex.europa.eu/legal-content/EN/TXT/?uri=celex%3A32025R0932,user-consolidated-xlsx
9259991,Sezar,21.5.2025,https://eur-lex.europa.eu/legal-content/EN/TXT/?uri=celex%3A32025R0932,user-consolidated-xlsx
9260067,Vision,20.7.2025,https://eur-lex.europa.eu/legal-content/EN/TXT/?uri=OJ:L_202501494,user-consolidated-xlsx
9260275,Katran,20.7.2025,https://eur-lex.europa.eu/legal-content/EN/TXT/?uri=OJ:L_202501494,user-consolidated-xlsx
9260483,ARMADA LEADER,24.10.2025,https://eur-lex.europa.eu/legal-content/EN/TXT/?uri=CELEX%3A32025R2033&qid=1761291336534,user-consolidated-xlsx
9260823,Fiesta,20.7.2025,https://eur-lex.europa.eu/legal-content/EN/TXT/?uri=OJ:L_202501494,user-consolidated-xlsx
9261401,QUARTZ,19.12.2025,Regulation - EU - 2025/2618 - EN - EUR-Lex,user-consolidated-xlsx
9261619,Hannah,21.5.2025,https://eur-lex.europa.eu/legal-content/EN/TXT/?uri=celex%3A32025R0932,user-consolidated-xlsx
9261657,C VIKING,24.10.2025,https://eur-lex.europa.eu/legal-content/EN/TXT/?uri=CELEX%3A32025R2033&qid=1761291336534,user-consolidated-xlsx
9262924,Utaki,20.7.2025,https://eur-lex.europa.eu/legal-content/EN/TXT/?uri=OJ:L_202501494,user-consolidated-xlsx
9263186,SOUTH STAR,24.10.2025,https://eur-lex.europa.eu/legal-content/EN/TXT/?uri=CELEX%3A32025R2033&qid=1761291336534,user-consolidated-xlsx
9263198,Saint,20.7.2025,https://eur-lex.europa.eu/legal-content/EN/TXT/?uri=OJ:L_202501494,user-consolidated-xlsx
9263203,Soul,21.5.2025,https://eur-lex.europa.eu/legal-content/EN/TXT/?uri=celex%3A32025R0932,user-consolidated-xlsx
9263643,Frunze,21.5.2025,https://eur-lex.europa.eu/legal-content/EN/TXT/?uri=celex%3A32025R0932,user-consolidated-xlsx
9263693,SINO STAR,24.10.2025,https://eur-lex.europa.eu/legal-content/EN/TXT/?uri=CELEX%3A32025R2033&qid=1761291336534,user-consolidated-xlsx
9264570,Themis,20.7.2025,https://eur-lex.europa.eu/legal-content/EN/TXT/?uri=OJ:L_202501494,user-consolidated-xlsx
9265873,KAMELOT,24.4.2026,Regulation - EU - 2026/506 - EN - EUR-Lex,user-consolidated-xlsx
9265885,SEA MAVERICK,24.10.2025,https://eur-lex.europa.eu/legal-content/EN/TXT/?uri=CELEX%3A32025R2033&qid=1761291336534,user-consolidated-xlsx
9266475,Sauri,25.2.2025,https://eur-lex.europa.eu/legal-content/EN/TXT/?uri=celex%3A32025R0395,user-consolidated-xlsx
9266750,Seabass,21.5.2025,https://eur-lex.europa.eu/legal-content/EN/TXT/?uri=celex%3A32025R0932,user-consolidated-xlsx
9266853,New Power,21.5.2025,https://eur-lex.europa.eu/legal-content/EN/TXT/?uri=celex%3A32025R0932,user-consolidated-xlsx
9266865,Bivola,20.7.2025,https://eur-lex.europa.eu/legal-content/EN/TXT/?uri=OJ:L_202501494,user-consolidated-xlsx
9266877,Pierre,20.7.2025,https://eur-lex.europa.eu/legal-content/EN/TXT/?uri=OJ:L_202501494,user-consolidated-xlsx
9268112,Olia,20.7.2025,https://eur-lex.europa.eu/legal-content/EN/TXT/?uri=OJ:L_202501494,user-consolidated-xlsx
9268710,SPARTA,24.4.2026,Regulation - EU - 2026/506 - EN - EUR-Lex,user-consolidated-xlsx
9270517,Cindy,21.5.2025,https://eur-lex.europa.eu/legal-content/EN/TXT/?uri=celex%3A32025R0932,user-consolidated-xlsx
9270529,Krymsk,25.6.2024,https://eur-lex.europa.eu/legal-content/EN/TXT/?uri=celex%3A32024R1745,user-consolidated-xlsx
9270555,INTEGRITY RACER,24.4.2026,Regulation - EU - 2026/506 - EN - EUR-Lex,user-consolidated-xlsx
9270749,BELA,24.10.2025,https://eur-lex.europa.eu/legal-content/EN/TXT/?uri=CELEX%3A32025R2033&qid=1761291336534,user-consolidated-xlsx
9271327,View (formerly Cup),21.5.2025,https://eur-lex.europa.eu/legal-content/EN/TXT/?uri=celex%3A32025R0932,user-consolidated-xlsx
9271585,Krishna 1,17.12.2024,https://eur-lex.europa.eu/legal-content/EN/TXT/?uri=celex%3A32024R3192,user-consolidated-xlsx
9271951,Facca,25.2.2025,https://eur-lex.europa.eu/legal-content/EN/TXT/?uri=celex%3A32025R0395,user-consolidated-xlsx
9272931,GARUDA,24.10.2025,https://eur-lex.europa.eu/legal-content/EN/TXT/?uri=CELEX%3A32025R2033&qid=1761291336534,user-consolidated-xlsx
9273052,Alissa,17.12.2024,https://eur-lex.europa.eu/legal-content/EN/TXT/?uri=celex%3A32024R3192,user-consolidated-xlsx
9274082,TM HAI HA 568,24.4.2026,Regulation - EU - 2026/506 - EN - EUR-Lex,user-consolidated-xlsx
9274331,San Damian,17.12.2024,https://eur-lex.europa.eu/legal-content/EN/TXT/?uri=celex%3A32024R3192,user-consolidated-xlsx
9274343,San Cosmas,17.12.2024,https://eur-lex.europa.eu/legal-content/EN/TXT/?uri=celex%3A32024R3192,user-consolidated-xlsx
9274434,SHANGRI LA,24.10.2025,https://eur-lex.europa.eu/legal-content/EN/TXT/?uri=CELEX%3A32025R2033&qid=1761291336534,user-consolidated-xlsx
9274446,ADMIRAL,24.7.2026,Regulation - 2026/1848 - EN - EUR-Lex,user-consolidated-xlsx
9274800,ASTRAL,24.10.2025,https://eur-lex.europa.eu/legal-content/EN/TXT/?uri=CELEX%3A32025R2033&qid=1761291336534,user-consolidated-xlsx
9276028,PEGASUS,24.10.2025,https://eur-lex.europa.eu/legal-content/EN/TXT/?uri=CELEX%3A32025R2033&qid=1761291336534,user-consolidated-xlsx
9276030,Echo (formerly Elbrus),17.12.2024,https://eur-lex.europa.eu/legal-content/EN/TXT/?uri=celex%3A32024R3192,user-consolidated-xlsx
9276561,PRS Ocean,25.2.2025,https://eur-lex.europa.eu/legal-content/EN/TXT/?uri=celex%3A32025R0395,user-consolidated-xlsx
9277735,Lunar Tide (formerly Beks Aqua),25.6.2024,https://eur-lex.europa.eu/legal-content/EN/TXT/?uri=celex%3A32024R1745,user-consolidated-xlsx
9277747,Elise,20.7.2025,https://eur-lex.europa.eu/legal-content/EN/TXT/?uri=OJ:L_202501494,user-consolidated-xlsx
9277759,Lark (formerly Lea I),20.7.2025,https://eur-lex.europa.eu/legal-content/EN/TXT/?uri=OJ:L_202501494,user-consolidated-xlsx
9278064,SOFOS,24.10.2025,https://eur-lex.europa.eu/legal-content/EN/TXT/?uri=CELEX%3A32025R2033&qid=1761291336534,user-consolidated-xlsx
9280885,APUS,24.10.2025,https://eur-lex.europa.eu/legal-content/EN/TXT/?uri=CELEX%3A32025R2033&qid=1761291336534,user-consolidated-xlsx
9281009,Kai Fu,20.7.2025,https://eur-lex.europa.eu/legal-content/EN/TXT/?uri=OJ:L_202501494,user-consolidated-xlsx
9281011,Moti,25.2.2025,https://eur-lex.europa.eu/legal-content/EN/TXT/?uri=celex%3A32025R0395,user-consolidated-xlsx
9281152,AQUILLA II,24.10.2025,https://eur-lex.europa.eu/legal-content/EN/TXT/?uri=CELEX%3A32025R2033&qid=1761291336534,user-consolidated-xlsx
9281683,Siri,17.12.2024,https://eur-lex.europa.eu/legal-content/EN/TXT/?uri=celex%3A32024R3192,user-consolidated-xlsx
9281891,Merope,25.2.2025,https://eur-lex.europa.eu/legal-content/EN/TXT/?uri=celex%3A32025R0395,user-consolidated-xlsx
9282041,ABHRA,24.4.2026,Regulation - EU - 2026/506 - EN - EUR-Lex,user-consolidated-xlsx
9282479,Minerva M,25.2.2025,https://eur-lex.europa.eu/legal-content/EN/TXT/?uri=celex%3A32025R0395,user-consolidated-xlsx
9282481,TAGOR,24.10.2025,https://eur-lex.europa.eu/legal-content/EN/TXT/?uri=CELEX%3A32025R2033&qid=1761291336534,user-consolidated-xlsx
9282493,Fiora,25.2.2025,https://eur-lex.europa.eu/legal-content/EN/TXT/?uri=celex%3A32025R0395,user-consolidated-xlsx
9282792,Clyde Noble,21.5.2025,https://eur-lex.europa.eu/legal-content/EN/TXT/?uri=celex%3A32025R0932,user-consolidated-xlsx
9282986,ATLANTICOS,24.10.2025,https://eur-lex.europa.eu/legal-content/EN/TXT/?uri=CELEX%3A32025R2033&qid=1761291336534,user-consolidated-xlsx
9283241,Dignity,20.7.2025,https://eur-lex.europa.eu/legal-content/EN/TXT/?uri=OJ:L_202501494,user-consolidated-xlsx
9283289,Thya,21.5.2025,https://eur-lex.europa.eu/legal-content/EN/TXT/?uri=celex%3A32025R0932,user-consolidated-xlsx
9283291,Tiburon,21.5.2025,https://eur-lex.europa.eu/legal-content/EN/TXT/?uri=celex%3A32025R0932,user-consolidated-xlsx
9283306,Buddha,21.5.2025,https://eur-lex.europa.eu/legal-content/EN/TXT/?uri=celex%3A32025R0932,user-consolidated-xlsx
9284582,Panda,21.5.2025,https://eur-lex.europa.eu/legal-content/EN/TXT/?uri=celex%3A32025R0932,user-consolidated-xlsx
9284594,Leopard,21.5.2025,https://eur-lex.europa.eu/legal-content/EN/TXT/?uri=celex%3A32025R0932,user-consolidated-xlsx
9284726,Bonifacy,21.5.2025,https://eur-lex.europa.eu/legal-content/EN/TXT/?uri=celex%3A32025R0932,user-consolidated-xlsx
9285835,Sea Fidelity,25.2.2025,https://eur-lex.europa.eu/legal-content/EN/TXT/?uri=celex%3A32025R0395,user-consolidated-xlsx
9285847,Sirius I,20.7.2025,https://eur-lex.europa.eu/legal-content/EN/TXT/?uri=OJ:L_202501494,user-consolidated-xlsx
9285859,Eastern Pearl,21.5.2025,https://eur-lex.europa.eu/legal-content/EN/TXT/?uri=celex%3A32025R0932,user-consolidated-xlsx
9286023,Next,21.5.2025,https://eur-lex.europa.eu/legal-content/EN/TXT/?uri=celex%3A32025R0932,user-consolidated-xlsx
9286073,T Cereal (formerly Rolin),25.2.2025,https://eur-lex.europa.eu/legal-content/EN/TXT/?uri=celex%3A32025R0395,user-consolidated-xlsx
9286281,Samadha,20.7.2025,https://eur-lex.europa.eu/legal-content/EN/TXT/?uri=OJ:L_202501494,user-consolidated-xlsx
9286463,OLANGA,19.12.2025,Regulation - EU - 2025/2618 - EN - EUR-Lex,user-consolidated-xlsx
9286657,Lokosao,25.2.2025,https://eur-lex.europa.eu/legal-content/EN/TXT/?uri=celex%3A32025R0395,user-consolidated-xlsx
9288693,Andaman Skies,25.2.2025,https://eur-lex.europa.eu/legal-content/EN/TXT/?uri=celex%3A32025R0395,user-consolidated-xlsx
9288708,Auro (formerly Stratos Aurora),25.2.2025,https://eur-lex.europa.eu/legal-content/EN/TXT/?uri=celex%3A32025R0395,user-consolidated-xlsx
9288710,Kudos Stars,25.2.2025,https://eur-lex.europa.eu/legal-content/EN/TXT/?uri=celex%3A32025R0395,user-consolidated-xlsx
9288722,Azure Celeste,25.2.2025,https://eur-lex.europa.eu/legal-content/EN/TXT/?uri=celex%3A32025R0395,user-consolidated-xlsx
9288734,Arabesca,21.5.2025,https://eur-lex.europa.eu/legal-content/EN/TXT/?uri=celex%3A32025R0932,user-consolidated-xlsx
9288746,Udaya,25.2.2025,https://eur-lex.europa.eu/legal-content/EN/TXT/?uri=celex%3A32025R0395,user-consolidated-xlsx
9288851,Carl,25.2.2025,https://eur-lex.europa.eu/legal-content/EN/TXT/?uri=celex%3A32025R0395,user-consolidated-xlsx
9288863,Ector,21.5.2025,https://eur-lex.europa.eu/legal-content/EN/TXT/?uri=celex%3A32025R0932,user-consolidated-xlsx
9288899,Lorena Grand,25.2.2025,https://eur-lex.europa.eu/legal-content/EN/TXT/?uri=celex%3A32025R0395,user-consolidated-xlsx
9288930,PACIFICOS,24.10.2025,https://eur-lex.europa.eu/legal-content/EN/TXT/?uri=CELEX%3A32025R2033&qid=1761291336534,user-consolidated-xlsx
9289520,N Cerna (formerly Canis Power),25.6.2024,https://eur-lex.europa.eu/legal-content/EN/TXT/?uri=celex%3A32024R1745,user-consolidated-xlsx
9289738,Genji,21.5.2025,https://eur-lex.europa.eu/legal-content/EN/TXT/?uri=celex%3A32025R0932,user-consolidated-xlsx
9289752,Savitri,21.5.2025,https://eur-lex.europa.eu/legal-content/EN/TXT/?uri=celex%3A32025R0932,user-consolidated-xlsx
9289776,Maisan,20.7.2025,https://eur-lex.europa.eu/legal-content/EN/TXT/?uri=OJ:L_202501494,user-consolidated-xlsx
9290309,Hulda,20.7.2025,https://eur-lex.europa.eu/legal-content/EN/TXT/?uri=OJ:L_202501494,user-consolidated-xlsx
9290335,Jumbo,21.5.2025,https://eur-lex.europa.eu/legal-content/EN/TXT/?uri=celex%3A32025R0932,user-consolidated-xlsx
9290373,KONYA,24.10.2025,https://eur-lex.europa.eu/legal-content/EN/TXT/?uri=CELEX%3A32025R2033&qid=1761291336534,user-consolidated-xlsx
9290385,ELBUS,24.4.2026,Regulation - EU - 2026/506 - EN - EUR-Lex,user-consolidated-xlsx
9290397,STORMBRINGER (ex KRITI VIGOR),24.4.2026,Regulation - EU - 2026/506 - EN - EUR-Lex,user-consolidated-xlsx
9290517,Vayu 1,21.5.2025,https://eur-lex.europa.eu/legal-content/EN/TXT/?uri=celex%3A32025R0932,user-consolidated-xlsx
9290828,Dorin (formerly E Mei Shan),20.7.2025,https://eur-lex.europa.eu/legal-content/EN/TXT/?uri=OJ:L_202501494,user-consolidated-xlsx
9290921,Beast,21.5.2025,https://eur-lex.europa.eu/legal-content/EN/TXT/?uri=celex%3A32025R0932,user-consolidated-xlsx
9291262,SILVAR,24.4.2026,Regulation - EU - 2026/506 - EN - EUR-Lex,user-consolidated-xlsx
9292034,Topaz,20.7.2025,https://eur-lex.europa.eu/legal-content/EN/TXT/?uri=OJ:L_202501494,user-consolidated-xlsx
9292046,NOVA CREST (formerly HASAN EAST),24.10.2025,https://eur-lex.europa.eu/legal-content/EN/TXT/?uri=CELEX%3A32025R2033&qid=1761291336534,user-consolidated-xlsx
9292058,Tango,20.7.2025,https://eur-lex.europa.eu/legal-content/EN/TXT/?uri=OJ:L_202501494,user-consolidated-xlsx
9292060,Talisman,21.5.2025,https://eur-lex.europa.eu/legal-content/EN/TXT/?uri=celex%3A32025R0932,user-consolidated-xlsx
9292187,LUNA LUSTER,24.4.2026,Regulation - EU - 2026/506 - EN - EUR-Lex,user-consolidated-xlsx
9292199,KAYSERI,24.10.2025,https://eur-lex.europa.eu/legal-content/EN/TXT/?uri=CELEX%3A32025R2033&qid=1761291336534,user-consolidated-xlsx
9292204,Andromeda,17.12.2024,https://eur-lex.europa.eu/legal-content/EN/TXT/?uri=celex%3A32024R3192,user-consolidated-xlsx
9292503,Bull,25.2.2025,https://eur-lex.europa.eu/legal-content/EN/TXT/?uri=celex%3A32025R0395,user-consolidated-xlsx
9292577,Ricca,20.7.2025,https://eur-lex.europa.eu/legal-content/EN/TXT/?uri=OJ:L_202501494,user-consolidated-xlsx
9292589,Team,21.5.2025,https://eur-lex.europa.eu/legal-content/EN/TXT/?uri=celex%3A32025R0932,user-consolidated-xlsx
9292838,Listiga,20.7.2025,https://eur-lex.europa.eu/legal-content/EN/TXT/?uri=OJ:L_202501494,user-consolidated-xlsx
9292981,Sagar Violet,21.5.2025,https://eur-lex.europa.eu/legal-content/EN/TXT/?uri=celex%3A32025R0932,user-consolidated-xlsx
9293002,Argent (formerly Jaguar),21.5.2025,https://eur-lex.europa.eu/legal-content/EN/TXT/?uri=celex%3A32025R0932,user-consolidated-xlsx
9293117,Sun,21.5.2025,https://eur-lex.europa.eu/legal-content/EN/TXT/?uri=celex%3A32025R0932,user-consolidated-xlsx
9293155,Benedict (formerly Junia),21.5.2025,https://eur-lex.europa.eu/legal-content/EN/TXT/?uri=celex%3A32025R0932,user-consolidated-xlsx
9293959,Fotuo,21.5.2025,https://eur-lex.europa.eu/legal-content/EN/TXT/?uri=celex%3A32025R0932,user-consolidated-xlsx
9293997,KHALASI,19.12.2025,Regulation - EU - 2025/2618 - EN - EUR-Lex,user-consolidated-xlsx
9294123,CHONGCHON,24.10.2025,https://eur-lex.europa.eu/legal-content/EN/TXT/?uri=CELEX%3A32025R2033&qid=1761291336534,user-consolidated-xlsx
9294331,Lily (formerly Daban),21.5.2025,https://eur-lex.europa.eu/legal-content/EN/TXT/?uri=celex%3A32025R0932,user-consolidated-xlsx
9296377,MARJORIE,24.4.2026,Regulation - EU - 2026/506 - EN - EUR-Lex,user-consolidated-xlsx
9296391,Peta Lumina,17.12.2024,https://eur-lex.europa.eu/legal-content/EN/TXT/?uri=celex%3A32024R3192,user-consolidated-xlsx
9296406,Rigel,21.5.2025,https://eur-lex.europa.eu/legal-content/EN/TXT/?uri=celex%3A32025R0932,user-consolidated-xlsx
9296781,KRASNODAR,24.7.2026,Regulation - 2026/1848 - EN - EUR-Lex,user-consolidated-xlsx
9296810,Missoni,21.5.2025,https://eur-lex.europa.eu/legal-content/EN/TXT/?uri=celex%3A32025R0932,user-consolidated-xlsx
9296822,Sagitta,21.5.2025,https://eur-lex.europa.eu/legal-content/EN/TXT/?uri=celex%3A32025R0932,user-consolidated-xlsx
9297149,REVANCHE,24.10.2025,https://eur-lex.europa.eu/legal-content/EN/TXT/?uri=CELEX%3A32025R2033&qid=1761291336534,user-consolidated-xlsx
9297357,Yanhu,20.7.2025,https://eur-lex.europa.eu/legal-content/EN/TXT/?uri=OJ:L_202501494,user-consolidated-xlsx
9297371,Diva I,20.7.2025,https://eur-lex.europa.eu/legal-content/EN/TXT/?uri=OJ:L_202501494,user-consolidated-xlsx
9297541,DOVE,24.4.2026,Regulation - EU - 2026/506 - EN - EUR-Lex,user-consolidated-xlsx
9297553,Monte I,20.7.2025,https://eur-lex.europa.eu/legal-content/EN/TXT/?uri=OJ:L_202501494,user-consolidated-xlsx
9297888,Cordelia Moon,20.7.2025,https://eur-lex.europa.eu/legal-content/EN/TXT/?uri=OJ:L_202501494,user-consolidated-xlsx
9298492,TOA PAYOH,24.4.2026,Regulation - EU - 2026/506 - EN - EUR-Lex,user-consolidated-xlsx
9298595,DORRY,24.4.2026,Regulation - EU - 2026/506 - EN - EUR-Lex,user-consolidated-xlsx
9299123,Sofia K,20.7.2025,https://eur-lex.europa.eu/legal-content/EN/TXT/?uri=OJ:L_202501494,user-consolidated-xlsx
9299161,Kord Atlantic,21.5.2025,https://eur-lex.europa.eu/legal-content/EN/TXT/?uri=celex%3A32025R0932,user-consolidated-xlsx
9299173,Veles,21.5.2025,https://eur-lex.europa.eu/legal-content/EN/TXT/?uri=celex%3A32025R0932,user-consolidated-xlsx
9299666,Dashan (formerly Mianzimu),17.12.2024,https://eur-lex.europa.eu/legal-content/EN/TXT/?uri=celex%3A32024R3192,user-consolidated-xlsx
9299678,Prisma,20.7.2025,https://eur-lex.europa.eu/legal-content/EN/TXT/?uri=OJ:L_202501494,user-consolidated-xlsx
9299680,Cangjie,21.5.2025,https://eur-lex.europa.eu/legal-content/EN/TXT/?uri=celex%3A32025R0932,user-consolidated-xlsx
9299692,Callisto,17.12.2024,https://eur-lex.europa.eu/legal-content/EN/TXT/?uri=celex%3A32024R3192,user-consolidated-xlsx
9299707,GUANYIN,24.10.2025,https://eur-lex.europa.eu/legal-content/EN/TXT/?uri=CELEX%3A32025R2033&qid=1761291336534,user-consolidated-xlsx
9299719,Kotlas,25.2.2025,https://eur-lex.europa.eu/legal-content/EN/TXT/?uri=celex%3A32025R0395,user-consolidated-xlsx
9299721,LEONA,24102025,https://eur-lex.europa.eu/legal-content/EN/TXT/?uri=CELEX%3A32025R2033&qid=1761291336534,user-consolidated-xlsx
9299733,Nagarjuna,20.7.2025,https://eur-lex.europa.eu/legal-content/EN/TXT/?uri=OJ:L_202501494,user-consolidated-xlsx
9299769,Aquatica,25.2.2025,https://eur-lex.europa.eu/legal-content/EN/TXT/?uri=celex%3A32025R0395,user-consolidated-xlsx
9299771,MIRES,24.10.2025,https://eur-lex.europa.eu/legal-content/EN/TXT/?uri=CELEX%3A32025R2033&qid=1761291336534,user-consolidated-xlsx
9299862,Tendua,21.5.2025,https://eur-lex.europa.eu/legal-content/EN/TXT/?uri=celex%3A32025R0932,user-consolidated-xlsx
9299874,Viper,20.7.2025,https://eur-lex.europa.eu/legal-content/EN/TXT/?uri=OJ:L_202501494,user-consolidated-xlsx
9299886,Wall,21.5.2025,https://eur-lex.europa.eu/legal-content/EN/TXT/?uri=celex%3A32025R0932,user-consolidated-xlsx
9299898,Turbo Voyager,17.12.2024,https://eur-lex.europa.eu/legal-content/EN/TXT/?uri=celex%3A32024R3192,user-consolidated-xlsx
9299903,Deyna,21.5.2025,https://eur-lex.europa.eu/legal-content/EN/TXT/?uri=celex%3A32025R0932,user-consolidated-xlsx
9300348,SANAR-10,24.4.2026,Regulation - EU - 2026/506 - EN - EUR-Lex,user-consolidated-xlsx
9300350,SANAR-9,19.12.2025,Regulation - EU - 2025/2618 - EN - EUR-Lex,user-consolidated-xlsx
9301380,Pavel Chernysh,25.2.2025,https://eur-lex.europa.eu/legal-content/EN/TXT/?uri=celex%3A32025R0395,user-consolidated-xlsx
9301392,Captain Kostichev,25.2.2025,https://eur-lex.europa.eu/legal-content/EN/TXT/?uri=celex%3A32025R0395,user-consolidated-xlsx
9301407,Viktor Titov,25.2.2025,https://eur-lex.europa.eu/legal-content/EN/TXT/?uri=celex%3A32025R0395,user-consolidated-xlsx
9301419,Yuri Senkevich,25.2.2025,https://eur-lex.europa.eu/legal-content/EN/TXT/?uri=celex%3A32025R0395,user-consolidated-xlsx
9301421,Victor Konetsky,25.2.2025,https://eur-lex.europa.eu/legal-content/EN/TXT/?uri=celex%3A32025R0395,user-consolidated-xlsx
9301524,Deneb,20.7.2025,https://eur-lex.europa.eu/legal-content/EN/TXT/?uri=OJ:L_202501494,user-consolidated-xlsx
9303869,ABINSK,24.7.2026,Regulation - 2026/1848 - EN - EUR-Lex,user-consolidated-xlsx
9304356,Yodan,21.5.2025,https://eur-lex.europa.eu/legal-content/EN/TXT/?uri=celex%3A32025R0932,user-consolidated-xlsx
9304629,CHENG HE,24.10.2025,https://eur-lex.europa.eu/legal-content/EN/TXT/?uri=CELEX%3A32025R2033&qid=1761291336534,user-consolidated-xlsx
9304825,Jaldhara,20.7.2025,https://eur-lex.europa.eu/legal-content/EN/TXT/?uri=OJ:L_202501494,user-consolidated-xlsx
9305556,MARVEN,24.4.2026,Regulation - EU - 2026/506 - EN - EUR-Lex,user-consolidated-xlsx
9305568,BREEZE,24.10.2025,https://eur-lex.europa.eu/legal-content/EN/TXT/?uri=CELEX%3A32025R2033&qid=1761291336534,user-consolidated-xlsx
9306562,RHEIN,24.10.2025,https://eur-lex.europa.eu/legal-content/EN/TXT/?uri=CELEX%3A32025R2033&qid=1761291336534,user-consolidated-xlsx
9306627,Huang He,21.5.2025,https://eur-lex.europa.eu/legal-content/EN/TXT/?uri=celex%3A32025R0932,user-consolidated-xlsx
9306782,Kareliya,25.2.2025,https://eur-lex.europa.eu/legal-content/EN/TXT/?uri=celex%3A32025R0395,user-consolidated-xlsx
9306794,Constellation,17.12.2024,https://eur-lex.europa.eu/legal-content/EN/TXT/?uri=celex%3A32024R3192,user-consolidated-xlsx
9306809,INNOVATOR,19.12.2025,Regulation - EU - 2025/2618 - EN - EUR-Lex,user-consolidated-xlsx
9307815,Tasta,20.7.2025,https://eur-lex.europa.eu/legal-content/EN/TXT/?uri=OJ:L_202501494,user-consolidated-xlsx
9308065,Eventin,25.2.2025,https://eur-lex.europa.eu/legal-content/EN/TXT/?uri=celex%3A32025R0395,user-consolidated-xlsx
9308077,TYCHE 1,19.12.2025,Regulation - EU - 2025/2618 - EN - EUR-Lex,user-consolidated-xlsx
9308132,TEMPEST DREAM,24.10.2025,https://eur-lex.europa.eu/legal-content/EN/TXT/?uri=CELEX%3A32025R2033&qid=1761291336534,user-consolidated-xlsx
9308170,Ocean Jupiter,21.5.2025’,https://eur-lex.europa.eu/legal-content/EN/TXT/?uri=celex%3A32025R0932,user-consolidated-xlsx
9308443,Ina,21.5.2025,https://eur-lex.europa.eu/legal-content/EN/TXT/?uri=celex%3A32025R0932,user-consolidated-xlsx
9308821,Berra,21.5.2025,https://eur-lex.europa.eu/legal-content/EN/TXT/?uri=celex%3A32025R0932,user-consolidated-xlsx
9308833,Kusto,20.7.2025,https://eur-lex.europa.eu/legal-content/EN/TXT/?uri=OJ:L_202501494,user-consolidated-xlsx
9308857,Rymo,20.7.2025,https://eur-lex.europa.eu/legal-content/EN/TXT/?uri=OJ:L_202501494,user-consolidated-xlsx
9308950,Seasons I,20.7.2025,https://eur-lex.europa.eu/legal-content/EN/TXT/?uri=OJ:L_202501494,user-consolidated-xlsx
9309576,Sapphire (formerly NS Silver),25.2.2025,https://eur-lex.europa.eu/legal-content/EN/TXT/?uri=celex%3A32025R0395,user-consolidated-xlsx
9309588,Symphony,25.2.2025,https://eur-lex.europa.eu/legal-content/EN/TXT/?uri=celex%3A32025R0395,user-consolidated-xlsx
9310525,Oilstar,20.7.2025,https://eur-lex.europa.eu/legal-content/EN/TXT/?uri=OJ:L_202501494,user-consolidated-xlsx
9310707,Vault,21.5.2025,https://eur-lex.europa.eu/legal-content/EN/TXT/?uri=celex%3A32025R0932,user-consolidated-xlsx
9311531,Afkada,21.5.2025,https://eur-lex.europa.eu/legal-content/EN/TXT/?uri=celex%3A32025R0932,user-consolidated-xlsx
9311610,TORX,24.10.2025,https://eur-lex.europa.eu/legal-content/EN/TXT/?uri=CELEX%3A32025R2033&qid=1761291336534,user-consolidated-xlsx
9311622,Vanguard,21.5.2025,https://eur-lex.europa.eu/legal-content/EN/TXT/?uri=celex%3A32025R0932,user-consolidated-xlsx
9311751,HITIT,19.12.2025,Regulation - EU - 2025/2618 - EN - EUR-Lex,user-consolidated-xlsx
9312872,Huihai Atlantic,21.5.2025,https://eur-lex.europa.eu/legal-content/EN/TXT/?uri=celex%3A32025R0932,user-consolidated-xlsx
9312884,Kemerovo,25.6.2024,https://eur-lex.europa.eu/legal-content/EN/TXT/?uri=celex%3A32024R1745,user-consolidated-xlsx
9312896,Krasnoyarsk,25.6.2024,https://eur-lex.europa.eu/legal-content/EN/TXT/?uri=celex%3A32024R1745,user-consolidated-xlsx
9313498,Jacklyn,20.7.2025,https://eur-lex.europa.eu/legal-content/EN/TXT/?uri=OJ:L_202501494,user-consolidated-xlsx
9313589,SANAR-14,19.12.2025,Regulation - EU - 2025/2618 - EN - EUR-Lex,user-consolidated-xlsx
9314088,Lyra,21.5.2025,https://eur-lex.europa.eu/legal-content/EN/TXT/?uri=celex%3A32025R0932,user-consolidated-xlsx
9314105,Makalu,21.5.2025,https://eur-lex.europa.eu/legal-content/EN/TXT/?uri=celex%3A32025R0932,user-consolidated-xlsx
9314167,Agnes,21.5.2025,https://eur-lex.europa.eu/legal-content/EN/TXT/?uri=celex%3A32025R0932,user-consolidated-xlsx
9314179,FLINT WIND,24.7.2026,Regulation - 2026/1848 - EN - EUR-Lex,user-consolidated-xlsx
9314650,1. RA NAM 3 2. RANAM 3,21.06.2017,,dma-weekly
9314820,OSCAR I,24.10.2025,https://eur-lex.europa.eu/legal-content/EN/TXT/?uri=CELEX%3A32025R2033&qid=1761291336534,user-consolidated-xlsx
9314882,Himalaya,20.7.2025,https://eur-lex.europa.eu/legal-content/EN/TXT/?uri=OJ:L_202501494,user-consolidated-xlsx
9314894,Indras,21.5.2025,https://eur-lex.europa.eu/legal-content/EN/TXT/?uri=celex%3A32025R0932,user-consolidated-xlsx
9315446,Spring,21.5.2025,https://eur-lex.europa.eu/legal-content/EN/TXT/?uri=celex%3A32025R0932,user-consolidated-xlsx
9315654,Sea Honor,20.7.2025,https://eur-lex.europa.eu/legal-content/EN/TXT/?uri=OJ:L_202501494,user-consolidated-xlsx
9315745,MARQUISE,24.10.2025,https://eur-lex.europa.eu/legal-content/EN/TXT/?uri=CELEX%3A32025R2033&qid=1761291336534,user-consolidated-xlsx
9316127,Vega,17.12.2024,https://eur-lex.europa.eu/legal-content/EN/TXT/?uri=celex%3A32024R3192,user-consolidated-xlsx
9317315,LUCH,24.7.2026,Regulation - 2026/1848 - EN - EUR-Lex,user-consolidated-xlsx
9317949,Xiwang,25.2.2025,https://eur-lex.europa.eu/legal-content/EN/TXT/?uri=celex%3A32025R0395,user-consolidated-xlsx
9318034,Olive,21.5.2025,https://eur-lex.europa.eu/legal-content/EN/TXT/?uri=celex%3A32025R0932,user-consolidated-xlsx
9318539,Swiftsea Rider,25.2.2025,https://eur-lex.europa.eu/legal-content/EN/TXT/?uri=celex%3A32025R0395,user-consolidated-xlsx
9318541,Serenade (formerly NS Stream),25.6.2024,https://eur-lex.europa.eu/legal-content/EN/TXT/?uri=celex%3A32024R1745,user-consolidated-xlsx
9318553,Saga (formerly NS Spirit),25.6.2024,https://eur-lex.europa.eu/legal-content/EN/TXT/?uri=celex%3A32024R1745,user-consolidated-xlsx
9319674,Night Glory,21.5.2025,https://eur-lex.europa.eu/legal-content/EN/TXT/?uri=celex%3A32025R0932,user-consolidated-xlsx
9319686,Hu Po,20.7.2025,https://eur-lex.europa.eu/legal-content/EN/TXT/?uri=OJ:L_202501494,user-consolidated-xlsx
9319703,Great Jacombo,25.2.2025,https://eur-lex.europa.eu/legal-content/EN/TXT/?uri=celex%3A32025R0395,user-consolidated-xlsx
9319870,Maini,21.5.2025,https://eur-lex.europa.eu/legal-content/EN/TXT/?uri=celex%3A32025R0932,user-consolidated-xlsx
9319882,ARYABHATA,24.10.2025,https://eur-lex.europa.eu/legal-content/EN/TXT/?uri=CELEX%3A32025R2033&qid=1761291336534,user-consolidated-xlsx
9321172,SEA OWL I,24.10.2025,https://eur-lex.europa.eu/legal-content/EN/TXT/?uri=CELEX%3A32025R2033&qid=1761291336534,user-consolidated-xlsx
9321562,MAVERICK,24.10.2025,https://eur-lex.europa.eu/legal-content/EN/TXT/?uri=CELEX%3A32025R2033&qid=1761291336534,user-consolidated-xlsx
9321677,DAPHNE V,24.7.2026,Regulation - 2026/1848 - EN - EUR-Lex,user-consolidated-xlsx
9321689,Ocean Faye,25.2.2025,https://eur-lex.europa.eu/legal-content/EN/TXT/?uri=celex%3A32025R0395,user-consolidated-xlsx
9321691,Lahar,21.5.2025,https://eur-lex.europa.eu/legal-content/EN/TXT/?uri=celex%3A32025R0932,user-consolidated-xlsx
9321706,Mercury,25.2.2025,https://eur-lex.europa.eu/legal-content/EN/TXT/?uri=celex%3A32025R0395,user-consolidated-xlsx
9321718,ZALE,24.10.2025,https://eur-lex.europa.eu/legal-content/EN/TXT/?uri=CELEX%3A32025R2033&qid=1761291336534,user-consolidated-xlsx
9321847,Areia (formerly Emily S),17.12.2024,https://eur-lex.europa.eu/legal-content/EN/TXT/?uri=celex%3A32024R3192,user-consolidated-xlsx
9321976,Heidi A,17.12.2024,https://eur-lex.europa.eu/legal-content/EN/TXT/?uri=celex%3A32024R3192,user-consolidated-xlsx
9322956,Prosperity (formerly NS Pride),25.2.2025,https://eur-lex.europa.eu/legal-content/EN/TXT/?uri=celex%3A32025R0395,user-consolidated-xlsx
9322968,Hyperion,21.5.2025,https://eur-lex.europa.eu/legal-content/EN/TXT/?uri=celex%3A32025R0932,user-consolidated-xlsx
9323314,ADITYA,24.10.2025,https://eur-lex.europa.eu/legal-content/EN/TXT/?uri=CELEX%3A32025R2033&qid=1761291336534,user-consolidated-xlsx
9323326,KATY,24.10.2025,https://eur-lex.europa.eu/legal-content/EN/TXT/?uri=CELEX%3A32025R2033&qid=1761291336534,user-consolidated-xlsx
9323340,TRANQUIL SEA,24.10.2025,https://eur-lex.europa.eu/legal-content/EN/TXT/?uri=CELEX%3A32025R2033&qid=1761291336534,user-consolidated-xlsx
9323364,SINAR G,19.12.2025,Regulation - EU - 2025/2618 - EN - EUR-Lex,user-consolidated-xlsx
9323376,Marabella Sun,17.12.2024,https://eur-lex.europa.eu/legal-content/EN/TXT/?uri=celex%3A32024R3192,user-consolidated-xlsx
9323974,Marble,20.7.2025,https://eur-lex.europa.eu/legal-content/EN/TXT/?uri=OJ:L_202501494,user-consolidated-xlsx
9323986,Garasan,21.5.2025,https://eur-lex.europa.eu/legal-content/EN/TXT/?uri=celex%3A32025R0932,user-consolidated-xlsx
9324277,Nova Energy,20.7.2025,https://eur-lex.europa.eu/legal-content/EN/TXT/?uri=OJ:L_202501494,user-consolidated-xlsx
9326718,Fulger,21.5.2025,https://eur-lex.europa.eu/legal-content/EN/TXT/?uri=celex%3A32025R0932,user-consolidated-xlsx
9326720,Hera,21.5.2025,https://eur-lex.europa.eu/legal-content/EN/TXT/?uri=celex%3A32025R0932,user-consolidated-xlsx
9326885,ANAYA,24.7.2026,Regulation - 2026/1848 - EN - EUR-Lex,user-consolidated-xlsx
9327360,Caria Ka,21.5.2025,https://eur-lex.europa.eu/legal-content/EN/TXT/?uri=celex%3A32025R0932,user-consolidated-xlsx
9327372,Tyagaraja,17.12.2024,https://eur-lex.europa.eu/legal-content/EN/TXT/?uri=celex%3A32024R3192,user-consolidated-xlsx
9328170,AETHER,24.4.2026,Regulation - EU - 2026/506 - EN - EUR-Lex,user-consolidated-xlsx
9329655,Proxima,20.7.2025,https://eur-lex.europa.eu/legal-content/EN/TXT/?uri=OJ:L_202501494,user-consolidated-xlsx
9329667,Pacific,25.2.2025,https://eur-lex.europa.eu/legal-content/EN/TXT/?uri=celex%3A32025R0395,user-consolidated-xlsx
9329760,Eagle S,21.5.2025,https://eur-lex.europa.eu/legal-content/EN/TXT/?uri=celex%3A32025R0932,user-consolidated-xlsx
9330472,Thorin,21.5.2025,https://eur-lex.europa.eu/legal-content/EN/TXT/?uri=celex%3A32025R0932,user-consolidated-xlsx
9330599,Lumin,20.7.2025,https://eur-lex.europa.eu/legal-content/EN/TXT/?uri=OJ:L_202501494,user-consolidated-xlsx
9331141,Kelly Grace (formerly Vela Rain),25.6.2024,https://eur-lex.europa.eu/legal-content/EN/TXT/?uri=celex%3A32024R1745,user-consolidated-xlsx
9331153,Delvina (formerly Galian 2),25.6.2024,https://eur-lex.europa.eu/legal-content/EN/TXT/?uri=celex%3A32024R1745,user-consolidated-xlsx
9332028,Niblo,21.5.2025,https://eur-lex.europa.eu/legal-content/EN/TXT/?uri=celex%3A32025R0932,user-consolidated-xlsx
9332171,VIRENT,24.7.2026,Regulation - 2026/1848 - EN - EUR-Lex,user-consolidated-xlsx
9332614,BELLARIS,24.7.2026,Regulation - 2026/1848 - EN - EUR-Lex,user-consolidated-xlsx
9332781,Aqua Titan (formerly Lang Ya),25.2.2025,https://eur-lex.europa.eu/legal-content/EN/TXT/?uri=celex%3A32025R0395,user-consolidated-xlsx
9332810,Kiwala,25.2.2025,https://eur-lex.europa.eu/legal-content/EN/TXT/?uri=celex%3A32025R0395,user-consolidated-xlsx
9332822,Nichole,25.2.2025,https://eur-lex.europa.eu/legal-content/EN/TXT/?uri=celex%3A32025R0395,user-consolidated-xlsx
9332834,Sooraj,20.7.2025,https://eur-lex.europa.eu/legal-content/EN/TXT/?uri=OJ:L_202501494,user-consolidated-xlsx
9333400,Noble,25.2.2025,https://eur-lex.europa.eu/legal-content/EN/TXT/?uri=celex%3A32025R0395,user-consolidated-xlsx
9333412,Enigma,21.5.2025,https://eur-lex.europa.eu/legal-content/EN/TXT/?uri=celex%3A32025R0932,user-consolidated-xlsx
9333424,Phoenix,17.12.2024,https://eur-lex.europa.eu/legal-content/EN/TXT/?uri=celex%3A32024R3192,user-consolidated-xlsx
9333436,Success (formerly SCF Amur),25.6.2024,https://eur-lex.europa.eu/legal-content/EN/TXT/?uri=celex%3A32024R1745,user-consolidated-xlsx
9333670,MIKHAIL ULYANOV,19.12.2025,Regulation - EU - 2025/2618 - EN - EUR-Lex,user-consolidated-xlsx
9333682,KIRILL LAVROV,19.12.2025,Regulation - EU - 2025/2618 - EN - EUR-Lex,user-consolidated-xlsx
9333785,SEADAR,24.4.2026,Regulation - EU - 2026/506 - EN - EUR-Lex,user-consolidated-xlsx
9334557,Blue Talu,20.7.2025,https://eur-lex.europa.eu/legal-content/EN/TXT/?uri=OJ:L_202501494,user-consolidated-xlsx
9335094,VARG,24.10.2025,https://eur-lex.europa.eu/legal-content/EN/TXT/?uri=CELEX%3A32025R2033&qid=1761291336534,user-consolidated-xlsx
9336426,Naxos,20.7.2025,https://eur-lex.europa.eu/legal-content/EN/TXT/?uri=OJ:L_202501494,user-consolidated-xlsx
9336490,MYRA,24.10.2025,https://eur-lex.europa.eu/legal-content/EN/TXT/?uri=CELEX%3A32025R2033&qid=1761291336534,user-consolidated-xlsx
9336517,URIEL,24.10.2025,https://eur-lex.europa.eu/legal-content/EN/TXT/?uri=CELEX%3A32025R2033&qid=1761291336534,user-consolidated-xlsx
9337195,SIREN II,24.4.2026,Regulation - EU - 2026/506 - EN - EUR-Lex,user-consolidated-xlsx
9337389,Agni,21.5.2025,https://eur-lex.europa.eu/legal-content/EN/TXT/?uri=celex%3A32025R0932,user-consolidated-xlsx
9337418,ATMOS,24.4.2026,Regulation - EU - 2026/506 - EN - EUR-Lex,user-consolidated-xlsx
9337901,RIMMA,24.10.2025,https://eur-lex.europa.eu/legal-content/EN/TXT/?uri=CELEX%3A32025R2033&qid=1761291336534,user-consolidated-xlsx
9338905,Pate (formerly Shaanxi),20.7.2025,https://eur-lex.europa.eu/legal-content/EN/TXT/?uri=OJ:L_202501494,user-consolidated-xlsx
9339301,NS Leader,25.2.2025,https://eur-lex.europa.eu/legal-content/EN/TXT/?uri=celex%3A32025R0395,user-consolidated-xlsx
9339313,LADOGA,24.10.2025,https://eur-lex.europa.eu/legal-content/EN/TXT/?uri=CELEX%3A32025R2033&qid=1761291336534,user-consolidated-xlsx
9339325,LEVEL,24.10.2025,https://eur-lex.europa.eu/legal-content/EN/TXT/?uri=CELEX%3A32025R2033&qid=1761291336534,user-consolidated-xlsx
9339337,Legacy (formerly NS Lotus),25.6.2024,https://eur-lex.europa.eu/legal-content/EN/TXT/?uri=celex%3A32024R1745,user-consolidated-xlsx
9341067,Kaliningrad,25.6.2024,https://eur-lex.europa.eu/legal-content/EN/TXT/?uri=celex%3A32024R1745,user-consolidated-xlsx
9341079,Capella,17.12.2024,https://eur-lex.europa.eu/legal-content/EN/TXT/?uri=celex%3A32024R3192,user-consolidated-xlsx
9341081,Cassiopeia,17.12.2024,https://eur-lex.europa.eu/legal-content/EN/TXT/?uri=celex%3A32024R3192,user-consolidated-xlsx
9341093,Kolomna,21.5.2025,https://eur-lex.europa.eu/legal-content/EN/TXT/?uri=celex%3A32025R0932,user-consolidated-xlsx
9343986,CAPELLA MB (formerly SEVEN PEARLS),24.4.2026,Regulation - EU - 2026/506 - EN - EUR-Lex,user-consolidated-xlsx
9344033,Triumph,21.5.2025,https://eur-lex.europa.eu/legal-content/EN/TXT/?uri=celex%3A32025R0932,user-consolidated-xlsx
9345623,Ru Yi,20.7.2025,https://eur-lex.europa.eu/legal-content/EN/TXT/?uri=OJ:L_202501494,user-consolidated-xlsx
9346720,Kira K,20.7.2025,https://eur-lex.europa.eu/legal-content/EN/TXT/?uri=OJ:L_202501494,user-consolidated-xlsx
9346732,Huihai Pacific,25.2.2025,https://eur-lex.europa.eu/legal-content/EN/TXT/?uri=celex%3A32025R0395,user-consolidated-xlsx
9346744,Ma Jin,21.5.2025,https://eur-lex.europa.eu/legal-content/EN/TXT/?uri=celex%3A32025R0932,user-consolidated-xlsx
9346873,ELODIE I,24.10.2025,https://eur-lex.europa.eu/legal-content/EN/TXT/?uri=CELEX%3A32025R2033&qid=1761291336534,user-consolidated-xlsx
9347308,AURA MARIS,19.12.2025,Regulation - EU - 2025/2618 - EN - EUR-Lex,user-consolidated-xlsx
9348479,Lucky Fairy,21.5.2025,https://eur-lex.europa.eu/legal-content/EN/TXT/?uri=celex%3A32025R0932,user-consolidated-xlsx
9350654,Surrey Quays,25.2.2025,https://eur-lex.europa.eu/legal-content/EN/TXT/?uri=celex%3A32025R0395,user-consolidated-xlsx
9352195,Sandhya,20.7.2025,https://eur-lex.europa.eu/legal-content/EN/TXT/?uri=OJ:L_202501494,user-consolidated-xlsx
9353096,Madhav,25.2.2025,https://eur-lex.europa.eu/legal-content/EN/TXT/?uri=celex%3A32025R0395,user-consolidated-xlsx
9353113,Kavya (formerly Hana),25.6.2024,https://eur-lex.europa.eu/legal-content/EN/TXT/?uri=celex%3A32024R1745,user-consolidated-xlsx
9353125,Chandra,21.5.2025,https://eur-lex.europa.eu/legal-content/EN/TXT/?uri=celex%3A32025R0932,user-consolidated-xlsx
9354301,Jaguar (formerly Zaliv Amerika),17.12.2024,https://eur-lex.europa.eu/legal-content/EN/TXT/?uri=celex%3A32024R3192,user-consolidated-xlsx
9354313,Zaliv Amurskiy,17.12.2024,https://eur-lex.europa.eu/legal-content/EN/TXT/?uri=celex%3A32024R3192,user-consolidated-xlsx
9354636,Flura,20.7.2025,https://eur-lex.europa.eu/legal-content/EN/TXT/?uri=OJ:L_202501494,user-consolidated-xlsx
9356610,ALEXANDER NEVSKIY,24.7.2026,Regulation - 2026/1848 - EN - EUR-Lex,user-consolidated-xlsx
9358010,Maia-1,25.6.2024,https://eur-lex.europa.eu/legal-content/EN/TXT/?uri=celex%3A32024R1745,user-consolidated-xlsx
9360128,Zaliv Baikal,21.5.2025,https://eur-lex.europa.eu/legal-content/EN/TXT/?uri=celex%3A32025R0932,user-consolidated-xlsx
9360130,Zaliv Vostok,25.2.2025,https://eur-lex.europa.eu/legal-content/EN/TXT/?uri=celex%3A32025R0395,user-consolidated-xlsx
9360415,INDUS 1,24.10.2025,https://eur-lex.europa.eu/legal-content/EN/TXT/?uri=CELEX%3A32025R2033&qid=1761291336534,user-consolidated-xlsx
9361407,MI RIM 2,21.06.2017,,dma-weekly
9368223,Achilles,20.7.2025,https://eur-lex.europa.eu/legal-content/EN/TXT/?uri=OJ:L_202501494,user-consolidated-xlsx
9368235,Fu Hai Wan,21.5.2025,https://eur-lex.europa.eu/legal-content/EN/TXT/?uri=celex%3A32025R0932,user-consolidated-xlsx
9369617,Nizami Ganjavi,20.7.2025,https://eur-lex.europa.eu/legal-content/EN/TXT/?uri=OJ:L_202501494,user-consolidated-xlsx
9372547,VASILY DINKOV,19.12.2025,Regulation - EU - 2025/2618 - EN - EUR-Lex,user-consolidated-xlsx
9372559,KAPITAN GOTSKY,19.12.2025,Regulation - EU - 2025/2618 - EN - EUR-Lex,user-consolidated-xlsx
9372561,TIMOFEY GUZHENKO,19.12.2025,Regulation - EU - 2025/2618 - EN - EUR-Lex,user-consolidated-xlsx
9374868,Elephant,20.7.2025,https://eur-lex.europa.eu/legal-content/EN/TXT/?uri=OJ:L_202501494,user-consolidated-xlsx
9377042,Armada Explorer,20.7.2025,https://eur-lex.europa.eu/legal-content/EN/TXT/?uri=OJ:L_202501494,user-consolidated-xlsx
9377779,Monarch I,20.7.2025,https://eur-lex.europa.eu/legal-content/EN/TXT/?uri=OJ:L_202501494,user-consolidated-xlsx
9378618,Si He,21.5.2025,https://eur-lex.europa.eu/legal-content/EN/TXT/?uri=celex%3A32025R0932,user-consolidated-xlsx
9378620,Ganga,21.5.2025,https://eur-lex.europa.eu/legal-content/EN/TXT/?uri=celex%3A32025R0932,user-consolidated-xlsx
9378632,Malak (formerly Ping An),21.5.2025,https://eur-lex.europa.eu/legal-content/EN/TXT/?uri=celex%3A32025R0932,user-consolidated-xlsx
9379052,Ocean Autumn,21.5.2025,https://eur-lex.europa.eu/legal-content/EN/TXT/?uri=celex%3A32025R0932,user-consolidated-xlsx
9379301,VERSA,24.4.2026,Regulation - EU - 2026/506 - EN - EUR-Lex,user-consolidated-xlsx
9380570,KURDOS III,24.4.2026,Regulation - EU - 2026/506 - EN - EUR-Lex,user-consolidated-xlsx
9380673,Centurion,21.5.2025,https://eur-lex.europa.eu/legal-content/EN/TXT/?uri=celex%3A32025R0932,user-consolidated-xlsx
9381732,AUGA,24.4.2026,Regulation - EU - 2026/506 - EN - EUR-Lex,user-consolidated-xlsx
9382073,EVERDINE,24.10.2025,https://eur-lex.europa.eu/legal-content/EN/TXT/?uri=CELEX%3A32025R2033&qid=1761291336534,user-consolidated-xlsx
9382712,DENVER,24.10.2025,https://eur-lex.europa.eu/legal-content/EN/TXT/?uri=CELEX%3A32025R2033&qid=1761291336534,user-consolidated-xlsx
9382798,Trust,17.12.2024,https://eur-lex.europa.eu/legal-content/EN/TXT/?uri=celex%3A32024R3192,user-consolidated-xlsx
9383869,Saraswati,20.7.2025,https://eur-lex.europa.eu/legal-content/EN/TXT/?uri=OJ:L_202501494,user-consolidated-xlsx
9383950,Eminent,21.5.2025,https://eur-lex.europa.eu/legal-content/EN/TXT/?uri=celex%3A32025R0932,user-consolidated-xlsx
9384069,Lion I,20.7.2025,https://eur-lex.europa.eu/legal-content/EN/TXT/?uri=OJ:L_202501494,user-consolidated-xlsx
9384095,RAGNAR,24.10.2025,https://eur-lex.europa.eu/legal-content/EN/TXT/?uri=CELEX%3A32025R2033&qid=1761291336534,user-consolidated-xlsx
9384306,Universal,21.5.2025,https://eur-lex.europa.eu/legal-content/EN/TXT/?uri=celex%3A32025R0932,user-consolidated-xlsx
9384435,BELOMOR,24.10.2025,https://eur-lex.europa.eu/legal-content/EN/TXT/?uri=CELEX%3A32025R2033&qid=1761291336534,user-consolidated-xlsx
9384447,Ji Shun,21.5.2025,https://eur-lex.europa.eu/legal-content/EN/TXT/?uri=celex%3A32025R0932,user-consolidated-xlsx
9384459,ONEGA,24.10.2025,https://eur-lex.europa.eu/legal-content/EN/TXT/?uri=CELEX%3A32025R2033&qid=1761291336534,user-consolidated-xlsx
9384992,Mars 6,20.7.2025,https://eur-lex.europa.eu/legal-content/EN/TXT/?uri=OJ:L_202501494,user-consolidated-xlsx
9385142,Almond,21.5.2025,https://eur-lex.europa.eu/legal-content/EN/TXT/?uri=celex%3A32025R0932,user-consolidated-xlsx
9385233,Monte Bianco (formerly San Severus),17.12.2024,https://eur-lex.europa.eu/legal-content/EN/TXT/?uri=celex%3A32024R3192,user-consolidated-xlsx
9385831,Leruo,20.7.2025,https://eur-lex.europa.eu/legal-content/EN/TXT/?uri=OJ:L_202501494,user-consolidated-xlsx
9386536,Spring Fortune,21.5.2025,https://eur-lex.europa.eu/legal-content/EN/TXT/?uri=celex%3A32025R0932,user-consolidated-xlsx
9387255,AZURE,24.10.2025,https://eur-lex.europa.eu/legal-content/EN/TXT/?uri=CELEX%3A32025R2033&qid=1761291336534,user-consolidated-xlsx
9387279,ETHERA,24.10.2025,https://eur-lex.europa.eu/legal-content/EN/TXT/?uri=CELEX%3A32025R2033&qid=1761291336534,user-consolidated-xlsx
9388027,MANASLU,24.10.2025,https://eur-lex.europa.eu/legal-content/EN/TXT/?uri=CELEX%3A32025R2033&qid=1761291336534,user-consolidated-xlsx
9388742,Surya,21.5.2025,https://eur-lex.europa.eu/legal-content/EN/TXT/?uri=celex%3A32025R0932,user-consolidated-xlsx
9388754,Long Bai,21.5.2025,https://eur-lex.europa.eu/legal-content/EN/TXT/?uri=celex%3A32025R0932,user-consolidated-xlsx
9388766,Destan,20.7.2025,https://eur-lex.europa.eu/legal-content/EN/TXT/?uri=OJ:L_202501494,user-consolidated-xlsx
9388780,BAI LU,24.10.2025,https://eur-lex.europa.eu/legal-content/EN/TXT/?uri=CELEX%3A32025R2033&qid=1761291336534,user-consolidated-xlsx
9388792,Unity,25.2.2025,https://eur-lex.europa.eu/legal-content/EN/TXT/?uri=celex%3A32025R0395,user-consolidated-xlsx
9389071,TANGO 2,24.10.2025,https://eur-lex.europa.eu/legal-content/EN/TXT/?uri=CELEX%3A32025R2033&qid=1761291336534,user-consolidated-xlsx
9389083,TIGER 6,24.4.2026,Regulation - EU - 2026/506 - EN - EUR-Lex,user-consolidated-xlsx
9389095,Minion,20.7.2025,https://eur-lex.europa.eu/legal-content/EN/TXT/?uri=OJ:L_202501494,user-consolidated-xlsx
9389100,Smyrtos,20.7.2025,https://eur-lex.europa.eu/legal-content/EN/TXT/?uri=OJ:L_202501494,user-consolidated-xlsx
9389679,Lieto,21.5.2025,https://eur-lex.europa.eu/legal-content/EN/TXT/?uri=celex%3A32025R0932,user-consolidated-xlsx
9390317,MARINSTRAUM,24.10.2025,https://eur-lex.europa.eu/legal-content/EN/TXT/?uri=CELEX%3A32025R2033&qid=1761291336534,user-consolidated-xlsx
9390587,ONEIROI,24.4.2026,Regulation - EU - 2026/506 - EN - EUR-Lex,user-consolidated-xlsx
9392822,Lotus (formerly Himalayan),21.5.2025,https://eur-lex.europa.eu/legal-content/EN/TXT/?uri=celex%3A32025R0932,user-consolidated-xlsx
9394935,Ozanno (formerly Ocean AMZ),25.6.2024,https://eur-lex.europa.eu/legal-content/EN/TXT/?uri=celex%3A32024R1745,user-consolidated-xlsx
9395379,Pacific 01,21.5.2025,https://eur-lex.europa.eu/legal-content/EN/TXT/?uri=celex%3A32025R0932,user-consolidated-xlsx
9397535,JUPITER,24.10.2025,https://eur-lex.europa.eu/legal-content/EN/TXT/?uri=CELEX%3A32025R2033&qid=1761291336534,user-consolidated-xlsx
9397547,Ariadne,21.5.2025,https://eur-lex.europa.eu/legal-content/EN/TXT/?uri=celex%3A32025R0932,user-consolidated-xlsx
9397559,Aria,25.2.2025,https://eur-lex.europa.eu/legal-content/EN/TXT/?uri=celex%3A32025R0395,user-consolidated-xlsx
9400980,OMNI,24.10.2025,https://eur-lex.europa.eu/legal-content/EN/TXT/?uri=CELEX%3A32025R2033&qid=1761291336534,user-consolidated-xlsx
9402469,Freda,21.5.2025,https://eur-lex.europa.eu/legal-content/EN/TXT/?uri=celex%3A32025R0932,user-consolidated-xlsx
9402471,Apar  (formerly Feng Shou; Andromeda Star),25.6.2024,https://eur-lex.europa.eu/legal-content/EN/TXT/?uri=celex%3A32024R1745,user-consolidated-xlsx
9402732,Saathi (formerly Onrim),21.5.2025,https://eur-lex.europa.eu/legal-content/EN/TXT/?uri=celex%3A32025R0932,user-consolidated-xlsx
9404948,Chen Lu,25.2.2025,https://eur-lex.europa.eu/legal-content/EN/TXT/?uri=celex%3A32025R0395,user-consolidated-xlsx
9405057,Tai Shan,21.5.2025,https://eur-lex.europa.eu/legal-content/EN/TXT/?uri=celex%3A32025R0932,user-consolidated-xlsx
9408190,SAMOS,24.10.2025,https://eur-lex.europa.eu/legal-content/EN/TXT/?uri=CELEX%3A32025R2033&qid=1761291336534,user-consolidated-xlsx
9408205,Fast Kathy,21.5.2025,https://eur-lex.europa.eu/legal-content/EN/TXT/?uri=celex%3A32025R0932,user-consolidated-xlsx
9408530,Evita,20.7.2025,https://eur-lex.europa.eu/legal-content/EN/TXT/?uri=OJ:L_202501494,user-consolidated-xlsx
9408542,LING HONG,24.4.2026,Regulation - EU - 2026/506 - EN - EUR-Lex,user-consolidated-xlsx
9408554,HE BO,24.4.2026,Regulation - EU - 2026/506 - EN - EUR-Lex,user-consolidated-xlsx
9408683,ZHUO YUAN,24.7.2026,Regulation - 2026/1848 - EN - EUR-Lex,user-consolidated-xlsx
9408695,TASSOS,24.10.2025,https://eur-lex.europa.eu/legal-content/EN/TXT/?uri=CELEX%3A32025R2033&qid=1761291336534,user-consolidated-xlsx
9409259,SPIRIT 2,24.10.2025,https://eur-lex.europa.eu/legal-content/EN/TXT/?uri=CELEX%3A32025R2033&qid=1761291336534,user-consolidated-xlsx
9409467,Pravasi,25.2.2025,https://eur-lex.europa.eu/legal-content/EN/TXT/?uri=celex%3A32025R0395,user-consolidated-xlsx
9411020,Bratsk,25.2.2025,https://eur-lex.europa.eu/legal-content/EN/TXT/?uri=celex%3A32025R0395,user-consolidated-xlsx
9411331,Canara,21.5.2025,https://eur-lex.europa.eu/legal-content/EN/TXT/?uri=celex%3A32025R0932,user-consolidated-xlsx
9412335,Bolero,17.12.2024,https://eur-lex.europa.eu/legal-content/EN/TXT/?uri=celex%3A32024R3192,user-consolidated-xlsx
9412347,Leo,17.12.2024,https://eur-lex.europa.eu/legal-content/EN/TXT/?uri=celex%3A32024R3192,user-consolidated-xlsx
9412359,Belgorod,25.2.2025,https://eur-lex.europa.eu/legal-content/EN/TXT/?uri=celex%3A32025R0395,user-consolidated-xlsx
9412452,NILANGA,24.10.2025,https://eur-lex.europa.eu/legal-content/EN/TXT/?uri=CELEX%3A32025R2033&qid=1761291336534,user-consolidated-xlsx
9412995,Kruger,21.5.2025,https://eur-lex.europa.eu/legal-content/EN/TXT/?uri=celex%3A32025R0932,user-consolidated-xlsx
9413004,HORAE,24.4.2026,Regulation - EU - 2026/506 - EN - EUR-Lex,user-consolidated-xlsx
9413547,Altair,17.12.2024,https://eur-lex.europa.eu/legal-content/EN/TXT/?uri=celex%3A32024R3192,user-consolidated-xlsx
9413559,ANTARKTIKA,24.10.2025,https://eur-lex.europa.eu/legal-content/EN/TXT/?uri=CELEX%3A32025R2033&qid=1761291336534,user-consolidated-xlsx
9413561,Alliance,17.12.2024,https://eur-lex.europa.eu/legal-content/EN/TXT/?uri=celex%3A32024R3192,user-consolidated-xlsx
9413573,Atlas,25.2.2025,https://eur-lex.europa.eu/legal-content/EN/TXT/?uri=celex%3A32025R0395,user-consolidated-xlsx
9417115,KOTI,30.03.2018,,dma-weekly
9417464,ANIKA,24.4.2026,Regulation - EU - 2026/506 - EN - EUR-Lex,user-consolidated-xlsx
9418482,Cetus,20.7.2025,https://eur-lex.europa.eu/legal-content/EN/TXT/?uri=OJ:L_202501494,user-consolidated-xlsx
9418494,Zaliv Aniva,25.2.2025,https://eur-lex.europa.eu/legal-content/EN/TXT/?uri=celex%3A32025R0395,user-consolidated-xlsx
9418509,OMSK,19.12.2025,Regulation - EU - 2025/2618 - EN - EUR-Lex,user-consolidated-xlsx
9419084,IRKUTSK,24.7.2026,Regulation - 2026/1848 - EN - EUR-Lex,user-consolidated-xlsx
9419137,Sikar,25.2.2025,https://eur-lex.europa.eu/legal-content/EN/TXT/?uri=celex%3A32025R0395,user-consolidated-xlsx
9419151,Wu Tai,20.7.2025,https://eur-lex.europa.eu/legal-content/EN/TXT/?uri=OJ:L_202501494,user-consolidated-xlsx
9419448,Heng Tai,21.5.2025,https://eur-lex.europa.eu/legal-content/EN/TXT/?uri=celex%3A32025R0932,user-consolidated-xlsx
9419450,JEWEL,19.12.2025,Regulation - EU - 2025/2618 - EN - EUR-Lex,user-consolidated-xlsx
9421960,Primorye,25.2.2025,https://eur-lex.europa.eu/legal-content/EN/TXT/?uri=celex%3A32025R0395,user-consolidated-xlsx
9421972,Saturn,17.12.2024,https://eur-lex.europa.eu/legal-content/EN/TXT/?uri=celex%3A32024R3192,user-consolidated-xlsx
9422445,Sirius,17.12.2024,https://eur-lex.europa.eu/legal-content/EN/TXT/?uri=celex%3A32024R3192,user-consolidated-xlsx
9422457,BOBCAT (formerly BLOSSOM),24.10.2025,https://eur-lex.europa.eu/legal-content/EN/TXT/?uri=CELEX%3A32025R2033&qid=1761291336534,user-consolidated-xlsx
9422653,GAZPROMNEFT NORDEAST,19.12.2025,Regulation - EU - 2025/2618 - EN - EUR-Lex,user-consolidated-xlsx
9422964,ABRAU,24.7.2026,Regulation - 2026/1848 - EN - EUR-Lex,user-consolidated-xlsx
9424651,Manta,21.5.2025,https://eur-lex.europa.eu/legal-content/EN/TXT/?uri=celex%3A32025R0932,user-consolidated-xlsx
9428358,Xue Song,21.5.2025,https://eur-lex.europa.eu/legal-content/EN/TXT/?uri=celex%3A32025R0932,user-consolidated-xlsx
9430210,Gogland,20.7.2025,https://eur-lex.europa.eu/legal-content/EN/TXT/?uri=OJ:L_202501494,user-consolidated-xlsx
9430272,JIN HUI,19.12.2025,Regulation - EU - 2025/2618 - EN - EUR-Lex,user-consolidated-xlsx
9433016,APATE,24.10.2025,https://eur-lex.europa.eu/legal-content/EN/TXT/?uri=CELEX%3A32025R2033&qid=1761291336534,user-consolidated-xlsx
9434890,Nautilus,20.7.2025,https://eur-lex.europa.eu/legal-content/EN/TXT/?uri=OJ:L_202501494,user-consolidated-xlsx
9435337,Akhty,20.7.2025,https://eur-lex.europa.eu/legal-content/EN/TXT/?uri=OJ:L_202501494,user-consolidated-xlsx
9435363,Volga River,21.5.2025,https://eur-lex.europa.eu/legal-content/EN/TXT/?uri=celex%3A32025R0932,user-consolidated-xlsx
9435375,Irtysh River,21.5.2025,https://eur-lex.europa.eu/legal-content/EN/TXT/?uri=celex%3A32025R0932,user-consolidated-xlsx
9436006,Samsun,21.5.2025,https://eur-lex.europa.eu/legal-content/EN/TXT/?uri=celex%3A32025R0932,user-consolidated-xlsx
9436018,Venetians,20.7.2025,https://eur-lex.europa.eu/legal-content/EN/TXT/?uri=OJ:L_202501494,user-consolidated-xlsx
9436020,CENTURION I,24.10.2025,https://eur-lex.europa.eu/legal-content/EN/TXT/?uri=CELEX%3A32025R2033&qid=1761291336534,user-consolidated-xlsx
9436941,Yi Meng Shan (formerly Attica),17.12.2024,https://eur-lex.europa.eu/legal-content/EN/TXT/?uri=celex%3A32024R3192,user-consolidated-xlsx
9437983,Cai Yun,21.5.2025,https://eur-lex.europa.eu/legal-content/EN/TXT/?uri=celex%3A32025R0932,user-consolidated-xlsx
9439383,BHILVA,24.4.2026,Regulation - EU - 2026/506 - EN - EUR-Lex,user-consolidated-xlsx
9439539,BOLU,24.10.2025,https://eur-lex.europa.eu/legal-content/EN/TXT/?uri=CELEX%3A32025R2033&qid=1761291336534,user-consolidated-xlsx
9439541,NEMRUT,24.10.2025,https://eur-lex.europa.eu/legal-content/EN/TXT/?uri=CELEX%3A32025R2033&qid=1761291336534,user-consolidated-xlsx
9459242,Feliks,20.7.2025,https://eur-lex.europa.eu/legal-content/EN/TXT/?uri=OJ:L_202501494,user-consolidated-xlsx
9472634,AURA 1,24.10.2025,https://eur-lex.europa.eu/legal-content/EN/TXT/?uri=CELEX%3A32025R2033&qid=1761291336534,user-consolidated-xlsx
9481910,PORT OLYA-3,24.7.2026,Regulation - 2026/1848 - EN - EUR-Lex,user-consolidated-xlsx
9495832,Black Sea Eagle,21.5.2025,https://eur-lex.europa.eu/legal-content/EN/TXT/?uri=celex%3A32025R0932,user-consolidated-xlsx
9503304,GENERAL SKOBELEV,24.10.2025,https://eur-lex.europa.eu/legal-content/EN/TXT/?uri=CELEX%3A32025R2033&qid=1761291336534,user-consolidated-xlsx
9511387,Olympus,21.5.2025,https://eur-lex.europa.eu/legal-content/EN/TXT/?uri=celex%3A32025R0932,user-consolidated-xlsx
9511521,Meridian (formerly Moskovsky Prospect),17.12.2024,https://eur-lex.europa.eu/legal-content/EN/TXT/?uri=celex%3A32024R3192,user-consolidated-xlsx
9511533,Rigel,17.12.2024,https://eur-lex.europa.eu/legal-content/EN/TXT/?uri=celex%3A32024R3192,user-consolidated-xlsx
9513139,Fjord Seal,17.12.2024,https://eur-lex.europa.eu/legal-content/EN/TXT/?uri=celex%3A32024R3192,user-consolidated-xlsx
9515539,MIKHAIL NENASHEV,19.12.2025,Regulation - EU - 2025/2618 - EN - EUR-Lex,user-consolidated-xlsx
9522324,Sierra,17.12.2024,https://eur-lex.europa.eu/legal-content/EN/TXT/?uri=celex%3A32024R3192,user-consolidated-xlsx
9524451,SABINA,24.10.2025,https://eur-lex.europa.eu/legal-content/EN/TXT/?uri=CELEX%3A32025R2033&qid=1761291336534,user-consolidated-xlsx
9524463,Sakarya,21.5.2025,https://eur-lex.europa.eu/legal-content/EN/TXT/?uri=celex%3A32025R0932,user-consolidated-xlsx
9530917,Sakina,21.5.2025,https://eur-lex.europa.eu/legal-content/EN/TXT/?uri=celex%3A32025R0932,user-consolidated-xlsx
9537109,GAZPROMNEFT ZUID EAST,24.10.2025,https://eur-lex.europa.eu/legal-content/EN/TXT/?uri=CELEX%3A32025R2033&qid=1761291336534,user-consolidated-xlsx
9544281,Corum,25.2.2025,https://eur-lex.europa.eu/legal-content/EN/TXT/?uri=celex%3A32025R0395,user-consolidated-xlsx
9550137,MATROS KOSHKA,19.12.2025,Regulation - EU - 2025/2618 - EN - EUR-Lex,user-consolidated-xlsx
9550682,XING CHEN,24.10.2025,https://eur-lex.europa.eu/legal-content/EN/TXT/?uri=CELEX%3A32025R2033&qid=1761291336534,user-consolidated-xlsx
9562233,PETREL 8,03.10.2017,,dma-weekly
9573816,MATROS POZYNICH,19.12.2025,Regulation - EU - 2025/2618 - EN - EUR-Lex,user-consolidated-xlsx
9577082,Premier,17.12.2024,https://eur-lex.europa.eu/legal-content/EN/TXT/?uri=celex%3A32024R3192,user-consolidated-xlsx
9577094,Pathfinder,17.12.2024,https://eur-lex.europa.eu/legal-content/EN/TXT/?uri=celex%3A32024R3192,user-consolidated-xlsx
9582776,PERUN,24.7.2026,Regulation - 2026/1848 - EN - EUR-Lex,user-consolidated-xlsx
9585912,Marlin,20.7.2025,https://eur-lex.europa.eu/legal-content/EN/TXT/?uri=OJ:L_202501494,user-consolidated-xlsx
9585924,Kaluga,20.7.2025,https://eur-lex.europa.eu/legal-content/EN/TXT/?uri=OJ:L_202501494,user-consolidated-xlsx
9589750,Danshui,21.5.2025,https://eur-lex.europa.eu/legal-content/EN/TXT/?uri=celex%3A32025R0932,user-consolidated-xlsx
9590137,MEGION,24.10.2025,https://eur-lex.europa.eu/legal-content/EN/TXT/?uri=CELEX%3A32025R2033&qid=1761291336534,user-consolidated-xlsx
9599341,JUPITER I,24.4.2026,Regulation - EU - 2026/506 - EN - EUR-Lex,user-consolidated-xlsx
9599353,VENUS III,24.4.2026,Regulation - EU - 2026/506 - EN - EUR-Lex,user-consolidated-xlsx
9610781,Zenith,17.12.2024,https://eur-lex.europa.eu/legal-content/EN/TXT/?uri=celex%3A32024R3192,user-consolidated-xlsx
9610793,Georgy Maslov,17.12.2024,https://eur-lex.europa.eu/legal-content/EN/TXT/?uri=celex%3A32024R3192,user-consolidated-xlsx
9610808,Anatoly Kolodkin,25.2.2025,https://eur-lex.europa.eu/legal-content/EN/TXT/?uri=celex%3A32025R0395,user-consolidated-xlsx
9610810,Viktor Bakaev,25.2.2025,https://eur-lex.europa.eu/legal-content/EN/TXT/?uri=celex%3A32025R0395,user-consolidated-xlsx
9621558,KARAKUZ,24.4.2026,Regulation - EU - 2026/506 - EN - EUR-Lex,user-consolidated-xlsx
9621560,BAVLY,24.10.2025,https://eur-lex.europa.eu/legal-content/EN/TXT/?uri=CELEX%3A32025R2033&qid=1761291336534,user-consolidated-xlsx
9621596,STANISLAV GOVORUKHIN,24.10.2025,https://eur-lex.europa.eu/legal-content/EN/TXT/?uri=CELEX%3A32025R2033&qid=1761291336534,user-consolidated-xlsx
9621601,VASILY LANOVOY,24.10.2025,https://eur-lex.europa.eu/legal-content/EN/TXT/?uri=CELEX%3A32025R2033&qid=1761291336534,user-consolidated-xlsx
9624316,Aura,20.7.2025,https://eur-lex.europa.eu/legal-content/EN/TXT/?uri=OJ:L_202501494,user-consolidated-xlsx
9630004,Valera,20.7.2025,https://eur-lex.europa.eu/legal-content/EN/TXT/?uri=OJ:L_202501494,user-consolidated-xlsx
9630028,Pearl,20.7.2025,https://eur-lex.europa.eu/legal-content/EN/TXT/?uri=OJ:L_202501494,user-consolidated-xlsx
9637961,Sergey Terskov,20.7.2025,https://eur-lex.europa.eu/legal-content/EN/TXT/?uri=OJ:L_202501494,user-consolidated-xlsx
9638197,Tong Yuan,21.5.2025,https://eur-lex.europa.eu/legal-content/EN/TXT/?uri=celex%3A32025R0932,user-consolidated-xlsx
9640499,IVAN KRAMSKOY,24.10.2025,https://eur-lex.europa.eu/legal-content/EN/TXT/?uri=CELEX%3A32025R2033&qid=1761291336534,user-consolidated-xlsx
9640516,VF Tanker-3,21.5.2025,https://eur-lex.europa.eu/legal-content/EN/TXT/?uri=celex%3A32025R0932,user-consolidated-xlsx
9640528,VF Tanker-4,21.5.2025,https://eur-lex.europa.eu/legal-content/EN/TXT/?uri=celex%3A32025R0932,user-consolidated-xlsx
9645011,Sanar 18,20.7.2025,https://eur-lex.europa.eu/legal-content/EN/TXT/?uri=OJ:L_202501494,user-consolidated-xlsx
9645023,VASILY SURIKOV,24.7.2026,Regulation - 2026/1848 - EN - EUR-Lex,user-consolidated-xlsx
9645061,ALEKSEY SAVRASOV,24.10.2025,https://eur-lex.europa.eu/legal-content/EN/TXT/?uri=CELEX%3A32025R2033&qid=1761291336534,user-consolidated-xlsx
9650016,RN SAKHALIN,24.10.2025,https://eur-lex.europa.eu/legal-content/EN/TXT/?uri=CELEX%3A32025R2033&qid=1761291336534,user-consolidated-xlsx
9655470,Saturn I,21.5.2025,https://eur-lex.europa.eu/legal-content/EN/TXT/?uri=celex%3A32025R0932,user-consolidated-xlsx
9664976,IRTYSH,24.7.2026,Regulation - 2026/1848 - EN - EUR-Lex,user-consolidated-xlsx
9676230,TRUVOR,24.4.2026,Regulation - EU - 2026/506 - EN - EUR-Lex,user-consolidated-xlsx
9683726,Dmitry Pokrovsky,21.5.2025,https://eur-lex.europa.eu/legal-content/EN/TXT/?uri=celex%3A32025R0932,user-consolidated-xlsx
9683738,LADY SEVDA,19.12.2025,Regulation - EU - 2025/2618 - EN - EUR-Lex,user-consolidated-xlsx
9683740,LADY LEILA,19.12.2025,Regulation - EU - 2025/2618 - EN - EUR-Lex,user-consolidated-xlsx
9687992,ORENBURG,24.7.2026,Regulation - 2026/1848 - EN - EUR-Lex,user-consolidated-xlsx
9690212,STALINGRAD,24.4.2026,Regulation - EU - 2026/506 - EN - EUR-Lex,user-consolidated-xlsx
9715270,ZAID,19.12.2025,Regulation - EU - 2025/2618 - EN - EUR-Lex,user-consolidated-xlsx
9720263,ZAFAR,19.12.2025,Regulation - EU - 2025/2618 - EN - EUR-Lex,user-consolidated-xlsx
9735141,MIDVOLGA-3,24.7.2026,Regulation - 2026/1848 - EN - EUR-Lex,user-consolidated-xlsx
9735323,YAZ,24.10.2025,https://eur-lex.europa.eu/legal-content/EN/TXT/?uri=CELEX%3A32025R2033&qid=1761291336534,user-consolidated-xlsx
9735335,SIG,24.4.2026,Regulation - EU - 2026/506 - EN - EUR-Lex,user-consolidated-xlsx
9737187,Christophe de Margerie,17.12.2024,https://eur-lex.europa.eu/legal-content/EN/TXT/?uri=celex%3A32024R3192,user-consolidated-xlsx
9741724,ALARA,24.10.2025,https://eur-lex.europa.eu/legal-content/EN/TXT/?uri=CELEX%3A32025R2033&qid=1761291336534,user-consolidated-xlsx
9749154,Kupava,21.5.2025,https://eur-lex.europa.eu/legal-content/EN/TXT/?uri=celex%3A32025R0932,user-consolidated-xlsx
9752084,Shturman Albanov,25.2.2025,https://eur-lex.europa.eu/legal-content/EN/TXT/?uri=celex%3A32025R0395,user-consolidated-xlsx
9752096,SHTURMAN MALYGIN,19.12.2025,Regulation - EU - 2025/2618 - EN - EUR-Lex,user-consolidated-xlsx
9752101,SHTURMAN OVTSYN,19.12.2025,Regulation - EU - 2025/2618 - EN - EUR-Lex,user-consolidated-xlsx
9759915,Shturman Skuratov,21.5.2025,https://eur-lex.europa.eu/legal-content/EN/TXT/?uri=celex%3A32025R0932,user-consolidated-xlsx
9759927,SHTURMAN SHCHERBININ,19.12.2025,Regulation - EU - 2025/2618 - EN - EUR-Lex,user-consolidated-xlsx
9759939,SHTURMAN KOSHELEV,19.12.2025,Regulation - EU - 2025/2618 - EN - EUR-Lex,user-consolidated-xlsx
9777670,SANAR-15,19.12.2025,Regulation - EU - 2025/2618 - EN - EUR-Lex,user-consolidated-xlsx
9784893,LADY RANIA,19.12.2025,Regulation - EU - 2025/2618 - EN - EUR-Lex,user-consolidated-xlsx
9809538,KUMANA,24.7.2026,Regulation - 2026/1848 - EN - EUR-Lex,user-consolidated-xlsx
9826902,Galaxy,17.12.2024,https://eur-lex.europa.eu/legal-content/EN/TXT/?uri=celex%3A32024R3192,user-consolidated-xlsx
9830769,Hunter Star,25.6.2024,https://eur-lex.europa.eu/legal-content/EN/TXT/?uri=celex%3A32024R1745,user-consolidated-xlsx
9832547,Velmar (formerly Venture),21.5.2025,https://eur-lex.europa.eu/legal-content/EN/TXT/?uri=celex%3A32025R0932,user-consolidated-xlsx
9832559,Virat,20.7.2025,https://eur-lex.europa.eu/legal-content/EN/TXT/?uri=OJ:L_202501494,user-consolidated-xlsx
9837547,MIKHAIL LAZAREV,24.4.2026,Regulation - EU - 2026/506 - EN - EUR-Lex,user-consolidated-xlsx
9838864,SVYATOI KNYAZ VLADIMIR,24.7.2026,Regulation - 2026/1848 - EN - EUR-Lex,user-consolidated-xlsx
9842176,Vladimir Monomakh,21.5.2025,https://eur-lex.europa.eu/legal-content/EN/TXT/?uri=celex%3A32025R0932,user-consolidated-xlsx
9842188,Vladimir Vinogradov,17.12.2024,https://eur-lex.europa.eu/legal-content/EN/TXT/?uri=celex%3A32024R3192,user-consolidated-xlsx
9842190,Akademik Gubkin,21.5.2025,https://eur-lex.europa.eu/legal-content/EN/TXT/?uri=celex%3A32025R0932,user-consolidated-xlsx
9843560,Voyager,25.2.2025,https://eur-lex.europa.eu/legal-content/EN/TXT/?uri=celex%3A32025R0395,user-consolidated-xlsx
9849887,La Perouse,17.12.2024,https://eur-lex.europa.eu/legal-content/EN/TXT/?uri=celex%3A32024R3192,user-consolidated-xlsx
9864837,Arctic Mulan,20.7.2025,https://eur-lex.europa.eu/legal-content/EN/TXT/?uri=OJ:L_202501494,user-consolidated-xlsx
9866380,Okeansky Prospect,17.12.2024,https://eur-lex.europa.eu/legal-content/EN/TXT/?uri=celex%3A32024R3192,user-consolidated-xlsx
9866392,Vostochny Prospect,21.5.2025,https://eur-lex.europa.eu/legal-content/EN/TXT/?uri=celex%3A32025R0932,user-consolidated-xlsx
9876359,IVAN AIVAZOVSKY,24.4.2026,Regulation - EU - 2026/506 - EN - EUR-Lex,user-consolidated-xlsx
9885879,VALENTIN PIKUL,24.4.2026,Regulation - EU - 2026/506 - EN - EUR-Lex,user-consolidated-xlsx
9901025,Vladimir Asenyev,21.5.2025,https://eur-lex.europa.eu/legal-content/EN/TXT/?uri=celex%3A32025R0932,user-consolidated-xlsx
9901037,Nikolay Zadornov,25.2.2025,https://eur-lex.europa.eu/legal-content/EN/TXT/?uri=celex%3A32025R0395,user-consolidated-xlsx
9904546,ALEKSEY KOSYGIN,24.7.2026,Regulation - 2026/1848 - EN - EUR-Lex,user-consolidated-xlsx
9915090,Saam FSU,25.6.2024,https://eur-lex.europa.eu/legal-content/EN/TXT/?uri=celex%3A32024R1745,user-consolidated-xlsx
9915105,Koryak FSU,25.6.2024,https://eur-lex.europa.eu/legal-content/EN/TXT/?uri=celex%3A32024R1745,user-consolidated-xlsx
9934498,Nan Feng Zhi Xing,21.5.2025,https://eur-lex.europa.eu/legal-content/EN/TXT/?uri=celex%3A32025R0932,user-consolidated-xlsx
9942392,NIKOLAY ANISHCHENKOV,24.10.2025,https://eur-lex.europa.eu/legal-content/EN/TXT/?uri=CELEX%3A32025R2033&qid=1761291336534,user-consolidated-xlsx
9953509,North Air,17.12.2024,https://eur-lex.europa.eu/legal-content/EN/TXT/?uri=celex%3A32024R3192,user-consolidated-xlsx
9953511,North Mountain,17.12.2024,https://eur-lex.europa.eu/legal-content/EN/TXT/?uri=celex%3A32024R3192,user-consolidated-xlsx
9953523,North Sky,17.12.2024,https://eur-lex.europa.eu/legal-content/EN/TXT/?uri=celex%3A32024R3192,user-consolidated-xlsx
9953535,North Way,17.12.2024,https://eur-lex.europa.eu/legal-content/EN/TXT/?uri=celex%3A32024R3192,user-consolidated-xlsx
