name,imo,country,url
ABHRA,9282041,MMSI 352001312,https://war-sanctions.gur.gov.ua/en/transport/ships/785
ACHILLES,9368223,MMSI 352002679,https://war-sanctions.gur.gov.ua/en/transport/ships/437
ADALYNN,9231767,MMSI 305091000,https://war-sanctions.gur.gov.ua/en/transport/ships/930
ADHARA,9353125,MMSI,https://war-sanctions.gur.gov.ua/en/transport/ships/778
ADLER,9179854,MMSI 273414440,https://war-sanctions.gur.gov.ua/en/transport/ships/1
ADONIA,9242223,MMSI,https://war-sanctions.gur.gov.ua/en/transport/ships/447
AGINSKOYE,8894536,MMSI 273554300,https://war-sanctions.gur.gov.ua/en/transport/ships/1079
AGNI,9337389,MMSI,https://war-sanctions.gur.gov.ua/en/transport/ships/545
AGNІ,9314167,MMSI,https://war-sanctions.gur.gov.ua/en/transport/ships/587
AILAMA,9232888,MMSI 629009318,https://war-sanctions.gur.gov.ua/en/transport/ships/582
AKADEMIK ALEKSANDR KARPINSKIY,8227238,MMSI 273457410,https://war-sanctions.gur.gov.ua/en/transport/ships/2
AKADEMIK CHERSKIY,8770261,MMSI 273399760,https://war-sanctions.gur.gov.ua/en/transport/ships/3
AKADEMIK GUBKIN,9842190,MMSI 273616040,https://war-sanctions.gur.gov.ua/en/transport/ships/647
AKADEMIK LAZAREV,8408985,MMSI 273450600,https://war-sanctions.gur.gov.ua/en/transport/ships/230
AKADEMIK NEMCHINOV,8409032,MMSI 273454600,https://war-sanctions.gur.gov.ua/en/transport/ships/229
AKADEMIK PRIMAKOV,9187514,MMSI 273392760,https://war-sanctions.gur.gov.ua/en/transport/ships/227
AKAR WEST,9258167,MMSI 629009536,https://war-sanctions.gur.gov.ua/en/transport/ships/763
AKHTY,9435337,MMSI 273338920,https://war-sanctions.gur.gov.ua/en/transport/ships/1043
ALARA,9741724,MMSI 273614220,https://war-sanctions.gur.gov.ua/en/transport/ships/4
ALATAU,9416551,MMSI 538004518,https://war-sanctions.gur.gov.ua/en/transport/ships/918
ALBEDO,9213313,MMSI 314001114,https://war-sanctions.gur.gov.ua/en/transport/ships/591
ALEKSANDR SOKOLOV,9889198,MMSI 273216620,https://war-sanctions.gur.gov.ua/en/transport/ships/5
ALEKSEY AFANASYEV,8033132,MMSI 273339400,https://war-sanctions.gur.gov.ua/en/transport/ships/442
ALEKSEY CHIRIKOV,9613551,MMSI 273369290,https://war-sanctions.gur.gov.ua/en/transport/ships/648
ALEKSEY MARYSHEV,8909329,MMSI 273456920,https://war-sanctions.gur.gov.ua/en/transport/ships/179
ALEVTIN SHELKOVNIKOV,7943287,MMSI,https://war-sanctions.gur.gov.ua/en/transport/ships/1072
ALEXANDER BEGGROV,9876373,MMSI,https://war-sanctions.gur.gov.ua/en/transport/ships/649
ALEXANDR DEEV,9940186,MMSI 273615820,https://war-sanctions.gur.gov.ua/en/transport/ships/6
ALEXEY BOGOLYUBOV,9876361,MMSI,https://war-sanctions.gur.gov.ua/en/transport/ships/650
ALEXEY KOSYGIN,9904546,MMSI 273253270,https://war-sanctions.gur.gov.ua/en/transport/ships/168
ALFA1,9045601,MMSI 273610370,https://war-sanctions.gur.gov.ua/en/transport/ships/344
ALIREZA-1,6703769,MMSI 273445070,https://war-sanctions.gur.gov.ua/en/transport/ships/133
ALISSA,9273052,MMSI 626248000,https://war-sanctions.gur.gov.ua/en/transport/ships/570
ALLIANCE,9413561,MMSI 620999807,https://war-sanctions.gur.gov.ua/en/transport/ships/332
ALMOND,9385142,MMSI 620999859,https://war-sanctions.gur.gov.ua/en/transport/ships/665
ALPHA HELIOS,9924340,MMSI 273296030,https://war-sanctions.gur.gov.ua/en/transport/ships/7
ALPHA HERMES,9924352,MMSI 273294550,https://war-sanctions.gur.gov.ua/en/transport/ships/8
ALPHA MERCURY,9917983,MMSI 273211390,https://war-sanctions.gur.gov.ua/en/transport/ships/441
ALTAI,9446427,MMSI 538004508,https://war-sanctions.gur.gov.ua/en/transport/ships/903
ALTAIR,8943416,MMSI 667021000,https://war-sanctions.gur.gov.ua/en/transport/ships/443
ALTAIR,9413547,MMSI 620999808,https://war-sanctions.gur.gov.ua/en/transport/ships/400
AMAK,9244635,MMSI,https://war-sanctions.gur.gov.ua/en/transport/ships/827
AMATRA,9299862,MMSI,https://war-sanctions.gur.gov.ua/en/transport/ships/919
AMBAL,8807416,MMSI 273355410,https://war-sanctions.gur.gov.ua/en/transport/ships/210
AMBER 6,9235713,MMSI 352001387,https://war-sanctions.gur.gov.ua/en/transport/ships/495
AMELL,9257993,MMSI,https://war-sanctions.gur.gov.ua/en/transport/ships/705
AMEN,9365764,MMSI 620999935,https://war-sanctions.gur.gov.ua/en/transport/ships/829
AMIL,9308778,MMSI,https://war-sanctions.gur.gov.ua/en/transport/ships/374
AMOR,9182291,MMSI,https://war-sanctions.gur.gov.ua/en/transport/ships/1108
AMUR-2501,8721272,MMSI 273455780,https://war-sanctions.gur.gov.ua/en/transport/ships/358
ANASTASIIA,9349291,MMSI 273298160,https://war-sanctions.gur.gov.ua/en/transport/ships/22
ANATOLIY NIKOLAEV,9868821,MMSI 273450690,https://war-sanctions.gur.gov.ua/en/transport/ships/880
ANATOLY KOLODKIN,9610808,MMSI 273253130,https://war-sanctions.gur.gov.ua/en/transport/ships/158
ANATTA,1011159,MMSI 319025900,https://war-sanctions.gur.gov.ua/en/transport/ships/23
ANAYA,9326885,MMSI 352001906,https://war-sanctions.gur.gov.ua/en/transport/ships/809
ANDREY OSIPOV,8711306,MMSI 273379890,https://war-sanctions.gur.gov.ua/en/transport/ships/24
ANDROMEDA,9292204,MMSI 620999830,https://war-sanctions.gur.gov.ua/en/transport/ships/273
ANDROPOV,9269348,MMSI 273450240,https://war-sanctions.gur.gov.ua/en/transport/ships/354
ANGARA,9179842,MMSI 273210440,https://war-sanctions.gur.gov.ua/en/transport/ships/33
ANGI,9253246,MMSI 229599000,https://war-sanctions.gur.gov.ua/en/transport/ships/943
ANHONA,9354521,MMSI 312171000,https://war-sanctions.gur.gov.ua/en/transport/ships/387
ANIKA,9417464,MMSI 352002243,https://war-sanctions.gur.gov.ua/en/transport/ships/548
ANT,8407230,MMSI 273355250,https://war-sanctions.gur.gov.ua/en/transport/ships/319
ANTARKTIKA,9413559,MMSI 273251530,https://war-sanctions.gur.gov.ua/en/transport/ships/155
ANTEY,9310018,MMSI 273312530,https://war-sanctions.gur.gov.ua/en/transport/ships/244
ANTILA,9381744,MMSI,https://war-sanctions.gur.gov.ua/en/transport/ships/44
APAR,9402471,MMSI 621819008,https://war-sanctions.gur.gov.ua/en/transport/ships/275
APATE,9433016,MMSI 352002102,https://war-sanctions.gur.gov.ua/en/transport/ships/800
APUS,9280885,MMSI,https://war-sanctions.gur.gov.ua/en/transport/ships/651
APUS,9299745,MMSI,https://war-sanctions.gur.gov.ua/en/transport/ships/39
AQUA LIVE,9282792,MMSI,https://war-sanctions.gur.gov.ua/en/transport/ships/569
AQUA TITAN,9332781,MMSI 620999999,https://war-sanctions.gur.gov.ua/en/transport/ships/460
AQUARIUS II,9346873,MMSI 511101770,https://war-sanctions.gur.gov.ua/en/transport/ships/976
AQUATICA,9299769,MMSI 620999750,https://war-sanctions.gur.gov.ua/en/transport/ships/558
AQUILA II,9281152,MMSI,https://war-sanctions.gur.gov.ua/en/transport/ships/652
ARABESCA,9288734,MMSI 667001321,https://war-sanctions.gur.gov.ua/en/transport/ships/543
ARCADIA,9413573,MMSI 461000247,https://war-sanctions.gur.gov.ua/en/transport/ships/398
ARCTIC METAGAZ,9243148,MMSI 273262840,https://war-sanctions.gur.gov.ua/en/transport/ships/297
ARCTIC MULAN,9864837,MMSI 273260840,https://war-sanctions.gur.gov.ua/en/transport/ships/309
ARCTICA 1,9228980,MMSI 273386130,https://war-sanctions.gur.gov.ua/en/transport/ships/34
ARCTICA-2,9243801,MMSI 273370990,https://war-sanctions.gur.gov.ua/en/transport/ships/25
AREIA,9321847,MMSI,https://war-sanctions.gur.gov.ua/en/transport/ships/497
ARIA,9327360,MMSI,https://war-sanctions.gur.gov.ua/en/transport/ships/983
ARIA,9397559,MMSI 273267690,https://war-sanctions.gur.gov.ua/en/transport/ships/681
ARIADNE,9397547,MMSI 273268690,https://war-sanctions.gur.gov.ua/en/transport/ships/654
ARKADIY CHERNYSHEV,8714695,MMSI 273359930,https://war-sanctions.gur.gov.ua/en/transport/ships/54
ARLAN,9227443,MMSI,https://war-sanctions.gur.gov.ua/en/transport/ships/551
ARMADA EXPLORER,9377042,MMSI 273311240,https://war-sanctions.gur.gov.ua/en/transport/ships/1048
ARNO BABAJANYAN,9163764,MMSI 273210470,https://war-sanctions.gur.gov.ua/en/transport/ships/985
ARTARA,9185528,MMSI 352004991,https://war-sanctions.gur.gov.ua/en/transport/ships/469
ARTEMIS OFFSHORE,9747194,MMSI 273451870,https://war-sanctions.gur.gov.ua/en/transport/ships/57
ARYABHATA,9319882,MMSI 630001163,https://war-sanctions.gur.gov.ua/en/transport/ships/428
ASCALON,9198226,MMSI 273219650,https://war-sanctions.gur.gov.ua/en/transport/ships/58
ASCENDANT,9248801,MMSI,https://war-sanctions.gur.gov.ua/en/transport/ships/636
ASKAR-SARYDZHA,9082142,MMSI 273155400,https://war-sanctions.gur.gov.ua/en/transport/ships/59
ASLAN KHADARCEV,9297199,MMSI 273440780,https://war-sanctions.gur.gov.ua/en/transport/ships/908
ASTERI,9282493,MMSI,https://war-sanctions.gur.gov.ua/en/transport/ships/493
ASTERIX,9181194,MMSI 629009370,https://war-sanctions.gur.gov.ua/en/transport/ships/828
ASTORIA,9166314,MMSI 273453790,https://war-sanctions.gur.gov.ua/en/transport/ships/1062
ASTRA,9273387,MMSI 574005470,https://war-sanctions.gur.gov.ua/en/transport/ships/655
ASTRAL,9274800,MMSI 668116219,https://war-sanctions.gur.gov.ua/en/transport/ships/498
ASTROL-1,9906544,MMSI 273217380,https://war-sanctions.gur.gov.ua/en/transport/ships/76
ATLANTICOS,9282986,MMSI 273617650,https://war-sanctions.gur.gov.ua/en/transport/ships/977
ATLANTIS MZ,9218181,MMSI 620800003,https://war-sanctions.gur.gov.ua/en/transport/ships/860
AUDAX,9763837,MMSI 563203700,https://war-sanctions.gur.gov.ua/en/transport/ships/97
AUGA,9381732,MMSI,https://war-sanctions.gur.gov.ua/en/transport/ships/40
AULIS,9233765,MMSI,https://war-sanctions.gur.gov.ua/en/transport/ships/656
AURA,9624316,MMSI 273355480,https://war-sanctions.gur.gov.ua/en/transport/ships/1147
AURO,9288708,MMSI 620999725,https://war-sanctions.gur.gov.ua/en/transport/ships/408
AVIOR,9164512,MMSI 273415140,https://war-sanctions.gur.gov.ua/en/transport/ships/986
AVRIL,9322839,MMSI,https://war-sanctions.gur.gov.ua/en/transport/ships/217
AZOV,8943260,MMSI 273437770,https://war-sanctions.gur.gov.ua/en/transport/ships/351
AZURE,9387255,MMSI 511101775,https://war-sanctions.gur.gov.ua/en/transport/ships/461
BABYLON,8902474,MMSI 630001156,https://war-sanctions.gur.gov.ua/en/transport/ships/439
BAI LU,9388780,MMSI 668116211,https://war-sanctions.gur.gov.ua/en/transport/ships/458
BAKHTEMIR,9797577,MMSI 273418880,https://war-sanctions.gur.gov.ua/en/transport/ships/232
BALTIC LEADER,9220639,MMSI 273297850,https://war-sanctions.gur.gov.ua/en/transport/ships/99
BALTIC STAR,9327396,MMSI 636023657,https://war-sanctions.gur.gov.ua/en/transport/ships/907
BALTIYSK,8318130,MMSI 273317640,https://war-sanctions.gur.gov.ua/en/transport/ships/12
BALTIYSKIY ISSLEDOVATEL,9572020,MMSI 273392360,https://war-sanctions.gur.gov.ua/en/transport/ships/233
BALTIYSKIY-111,7612448,MMSI 273334100,https://war-sanctions.gur.gov.ua/en/transport/ships/132
BALU,9235244,MMSI 613469620,https://war-sanctions.gur.gov.ua/en/transport/ships/1089
BARENTS,9278600,MMSI 273385970,https://war-sanctions.gur.gov.ua/en/transport/ships/26
BAVENIT,8406573,MMSI 273459600,https://war-sanctions.gur.gov.ua/en/transport/ships/134
BEAST,9290921,MMSI 667001236,https://war-sanctions.gur.gov.ua/en/transport/ships/840
BEGEY,8943210,MMSI 273421560,https://war-sanctions.gur.gov.ua/en/transport/ships/283
BELA,9270749,MMSI 620999966,https://war-sanctions.gur.gov.ua/en/transport/ships/1021
BELGOROD,9412359,MMSI 273259530,https://war-sanctions.gur.gov.ua/en/transport/ships/167
BELLARIS,9332614,MMSI 352001849,https://war-sanctions.gur.gov.ua/en/transport/ships/792
BELOMORSKIY,8305781,MMSI 273915100,https://war-sanctions.gur.gov.ua/en/transport/ships/105
BENDIGO,9289491,MMSI,https://war-sanctions.gur.gov.ua/en/transport/ships/383
BENEDICT,9293155,MMSI,https://war-sanctions.gur.gov.ua/en/transport/ships/510
BERG 1,9262168,MMSI,https://war-sanctions.gur.gov.ua/en/transport/ships/388
BERING,9267297,MMSI 273437510,https://war-sanctions.gur.gov.ua/en/transport/ships/27
BERNICE,9220926,MMSI 311001527,https://war-sanctions.gur.gov.ua/en/transport/ships/928
BERRA,9308821,MMSI 352004741,https://war-sanctions.gur.gov.ua/en/transport/ships/874
BERTHA,9292163,MMSI 518999103,https://war-sanctions.gur.gov.ua/en/transport/ships/629
BETTLE,9323338,MMSI,https://war-sanctions.gur.gov.ua/en/transport/ships/53
BIG MAG,9263215,MMSI,https://war-sanctions.gur.gov.ua/en/transport/ships/1091
BILI,9285756,MMSI 629009484,https://war-sanctions.gur.gov.ua/en/transport/ships/630
BIVOLA,9266865,MMSI 352004768,https://war-sanctions.gur.gov.ua/en/transport/ships/1056
BLACK SEA EAGLE,9495832,MMSI 370805000,https://war-sanctions.gur.gov.ua/en/transport/ships/984
BLAGE,9275763,MMSI,https://war-sanctions.gur.gov.ua/en/transport/ships/979
BLINT,9293002,MMSI 620999996,https://war-sanctions.gur.gov.ua/en/transport/ships/515
BLOSSOM,9422457,MMSI 620999819,https://war-sanctions.gur.gov.ua/en/transport/ships/402
BLUE,9236353,MMSI 304868000,https://war-sanctions.gur.gov.ua/en/transport/ships/565
BLUE TALU,9334557,MMSI 620999956,https://war-sanctions.gur.gov.ua/en/transport/ships/910
BODHI,9144782,MMSI 613003728,https://war-sanctions.gur.gov.ua/en/transport/ships/261
BOLOGNIA FALCON,9255244,MMSI 352002813,https://war-sanctions.gur.gov.ua/en/transport/ships/1010
BOMUSTAFA O,9114476,MMSI 352001900,https://war-sanctions.gur.gov.ua/en/transport/ships/312
BOND,9412335,MMSI 461000240,https://war-sanctions.gur.gov.ua/en/transport/ships/397
BONETTA,9220914,MMSI 518999247,https://war-sanctions.gur.gov.ua/en/transport/ships/936
BONIFACY,9284726,MMSI 613003743,https://war-sanctions.gur.gov.ua/en/transport/ships/868
BORIS KUSTODIEV,9103817,MMSI 273191000,https://war-sanctions.gur.gov.ua/en/transport/ships/324
BORIS SOKOLOV,9817315,MMSI 209387000,https://war-sanctions.gur.gov.ua/en/transport/ships/417
BOSCA,9257022,MMSI 621819068,https://war-sanctions.gur.gov.ua/en/transport/ships/432
BRATSK,9411020,MMSI 273250630,https://war-sanctions.gur.gov.ua/en/transport/ships/159
BRAVE DISCOVERER,9288722,MMSI 620800016,https://war-sanctions.gur.gov.ua/en/transport/ships/410
BREEZE,9305568,MMSI 668116320,https://war-sanctions.gur.gov.ua/en/transport/ships/331
BRIGHT OCEAN,9830769,MMSI 750377000,https://war-sanctions.gur.gov.ua/en/transport/ships/181
BRIONT,9252955,MMSI 352002147,https://war-sanctions.gur.gov.ua/en/transport/ships/592
BRONCO,8808525,MMSI 511101785,https://war-sanctions.gur.gov.ua/en/transport/ships/1029
BRONX,9391414,MMSI 636022962,https://war-sanctions.gur.gov.ua/en/transport/ships/959
BUDDHA,9283306,MMSI 305228000,https://war-sanctions.gur.gov.ua/en/transport/ships/1004
BUK,9201994,MMSI 273318480,https://war-sanctions.gur.gov.ua/en/transport/ships/659
BURAN,9953509,MMSI 273264340,https://war-sanctions.gur.gov.ua/en/transport/ships/298
C VIKING,9261657,MMSI 667002414,https://war-sanctions.gur.gov.ua/en/transport/ships/810
CAI YUN,9437983,MMSI,https://war-sanctions.gur.gov.ua/en/transport/ships/1005
CALLISTO,9299692,MMSI 620999833,https://war-sanctions.gur.gov.ua/en/transport/ships/401
CAMELIA,9070072,MMSI 750351000,https://war-sanctions.gur.gov.ua/en/transport/ships/379
CANARA,9411331,MMSI 620999906,https://war-sanctions.gur.gov.ua/en/transport/ships/661
CANGJIE,9299680,MMSI 419001990,https://war-sanctions.gur.gov.ua/en/transport/ships/660
CAPELLA,9341079,MMSI 620999840,https://war-sanctions.gur.gov.ua/en/transport/ships/328
CAPIBARA,9267027,MMSI 525107008,https://war-sanctions.gur.gov.ua/en/transport/ships/957
CAPITAN KORCHIN,8959219,MMSI 273370100,https://war-sanctions.gur.gov.ua/en/transport/ships/366
CAPTAIN KOSTICHEV,9301392,MMSI 273264590,https://war-sanctions.gur.gov.ua/en/transport/ships/550
CAPTAIN YAKUBOVICH,8318740,MMSI 273348130,https://war-sanctions.gur.gov.ua/en/transport/ships/55
CARCHARODON,9258882,MMSI 511101672,https://war-sanctions.gur.gov.ua/en/transport/ships/1007
CARINA,9240512,MMSI 987109000,https://war-sanctions.gur.gov.ua/en/transport/ships/380
CARMA,9341081,MMSI 461000252,https://war-sanctions.gur.gov.ua/en/transport/ships/336
CARUZO,9137648,MMSI 667002403,https://war-sanctions.gur.gov.ua/en/transport/ships/858
CAUVERI,9282508,MMSI 352002074,https://war-sanctions.gur.gov.ua/en/transport/ships/593
CECILA,9247792,MMSI 352002845,https://war-sanctions.gur.gov.ua/en/transport/ships/512
CELEBES,8710730,MMSI 525018077,https://war-sanctions.gur.gov.ua/en/transport/ships/816
CENTURION,9380673,MMSI 667001255,https://war-sanctions.gur.gov.ua/en/transport/ships/905
CERES I,9229439,MMSI 668116233,https://war-sanctions.gur.gov.ua/en/transport/ships/631
CETUS,9418482,MMSI 668116310,https://war-sanctions.gur.gov.ua/en/transport/ships/492
CH BILLION,9276585,MMSI,https://war-sanctions.gur.gov.ua/en/transport/ships/772
CHARMINAR,9318022,MMSI 352002261,https://war-sanctions.gur.gov.ua/en/transport/ships/788
CHEETAH II,9222560,MMSI,https://war-sanctions.gur.gov.ua/en/transport/ships/782
CHEM NICHOLAS,9374416,MMSI 636013409,https://war-sanctions.gur.gov.ua/en/transport/ships/1120
CHENG HE,9304629,MMSI 352003989,https://war-sanctions.gur.gov.ua/en/transport/ships/1063
CHIL 1,9171498,MMSI,https://war-sanctions.gur.gov.ua/en/transport/ships/1109
CHIZHOVKA,8730455,MMSI 273912200,https://war-sanctions.gur.gov.ua/en/transport/ships/104
CHONGCHON,9294123,MMSI 621819112,https://war-sanctions.gur.gov.ua/en/transport/ships/768
CHRISTOPHE DE MARGERIE,9737187,MMSI 273261260,https://war-sanctions.gur.gov.ua/en/transport/ships/363
CILICIA,9171175,MMSI 273436640,https://war-sanctions.gur.gov.ua/en/transport/ships/927
CINDY,9270517,MMSI 314001094,https://war-sanctions.gur.gov.ua/en/transport/ships/536
CLAUDIA GAS,8813087,MMSI 636017205,https://war-sanctions.gur.gov.ua/en/transport/ships/923
CLYDE,9269245,MMSI 352001515,https://war-sanctions.gur.gov.ua/en/transport/ships/958
COMETA,8315499,MMSI 613429702,https://war-sanctions.gur.gov.ua/en/transport/ships/224
CONICO ATLAS,9288693,MMSI,https://war-sanctions.gur.gov.ua/en/transport/ships/433
CONSTELLATION,9306794,MMSI 620999827,https://war-sanctions.gur.gov.ua/en/transport/ships/272
CORAL,8932302,MMSI 273427610,https://war-sanctions.gur.gov.ua/en/transport/ships/881
CORONA FUN,9276573,MMSI,https://war-sanctions.gur.gov.ua/en/transport/ships/817
CORTEX,9291250,MMSI 620999137,https://war-sanctions.gur.gov.ua/en/transport/ships/477
CORUS,9544281,MMSI 620999748,https://war-sanctions.gur.gov.ua/en/transport/ships/450
COVENANT GOLD,9198290,MMSI 511101554,https://war-sanctions.gur.gov.ua/en/transport/ships/937
CRIUS,9251274,MMSI 352002070,https://war-sanctions.gur.gov.ua/en/transport/ships/595
CROSS OCEAN,9251810,MMSI,https://war-sanctions.gur.gov.ua/en/transport/ships/378
CRYSTAL ROSE,9292228,MMSI 352001298,https://war-sanctions.gur.gov.ua/en/transport/ships/377
CUMA,9379703,MMSI 750363000,https://war-sanctions.gur.gov.ua/en/transport/ships/386
DAKSHA,9259185,MMSI 620999378,https://war-sanctions.gur.gov.ua/en/transport/ships/278
DALVA,9378620,MMSI 620800044,https://war-sanctions.gur.gov.ua/en/transport/ships/507
DANSHUI,9589750,MMSI 620999872,https://war-sanctions.gur.gov.ua/en/transport/ships/488
DAPHNE 1,9251456,MMSI 355643000,https://war-sanctions.gur.gov.ua/en/transport/ships/901
DAPHNE V,9321677,MMSI 352002063,https://war-sanctions.gur.gov.ua/en/transport/ships/789
DASHAN,9299666,MMSI 620999986,https://war-sanctions.gur.gov.ua/en/transport/ships/491
DAVINA,9259367,MMSI,https://war-sanctions.gur.gov.ua/en/transport/ships/376
DEIMOS,9274616,MMSI,https://war-sanctions.gur.gov.ua/en/transport/ships/46
DELIVER,9194983,MMSI 477113600,https://war-sanctions.gur.gov.ua/en/transport/ships/530
DELVINA,9331153,MMSI 620999945,https://war-sanctions.gur.gov.ua/en/transport/ships/280
DENEB,9301524,MMSI 667002369,https://war-sanctions.gur.gov.ua/en/transport/ships/478
DESTAMAR,9253894,MMSI 304797000,https://war-sanctions.gur.gov.ua/en/transport/ships/482
DESTAN,9388766,MMSI 668116367,https://war-sanctions.gur.gov.ua/en/transport/ships/505
DEYNA,9299903,MMSI,https://war-sanctions.gur.gov.ua/en/transport/ships/664
DHEZI,9289520,MMSI,https://war-sanctions.gur.gov.ua/en/transport/ships/260
DIANA MARIA,9874789,MMSI 273218230,https://war-sanctions.gur.gov.ua/en/transport/ships/440
DIANCHI,9281011,MMSI,https://war-sanctions.gur.gov.ua/en/transport/ships/501
DIGNITY,9283241,MMSI 273253500,https://war-sanctions.gur.gov.ua/en/transport/ships/658
DILBAR,9661792,MMSI 319094900,https://war-sanctions.gur.gov.ua/en/transport/ships/135
DING XIANG,9280366,MMSI,https://war-sanctions.gur.gov.ua/en/transport/ships/830
DIVA 1,9297371,MMSI 620999805,https://war-sanctions.gur.gov.ua/en/transport/ships/422
DMITRY MENDELEEV,9888182,MMSI 273296810,https://war-sanctions.gur.gov.ua/en/transport/ships/666
DMITRY POKROVSKY,9683726,MMSI 273332580,https://war-sanctions.gur.gov.ua/en/transport/ships/1003
DOBRYNYA,8730077,MMSI 273449240,https://war-sanctions.gur.gov.ua/en/transport/ships/667
DON STAR 6,8951396,MMSI 273430550,https://war-sanctions.gur.gov.ua/en/transport/ships/1076
DORIN,9290828,MMSI 668116230,https://war-sanctions.gur.gov.ua/en/transport/ships/952
DUNE-2,8728048,MMSI 273214220,https://war-sanctions.gur.gov.ua/en/transport/ships/882
DUSK,9283289,MMSI 620999995,https://war-sanctions.gur.gov.ua/en/transport/ships/457
DVINSKIY ZALIV,8922486,MMSI 273914100,https://war-sanctions.gur.gov.ua/en/transport/ships/106
EAGLE S,9329760,MMSI 518998865,https://war-sanctions.gur.gov.ua/en/transport/ships/638
EAST ENERGY,9216298,MMSI,https://war-sanctions.gur.gov.ua/en/transport/ships/293
EASTERN PEARL,9285859,MMSI 620999897,https://war-sanctions.gur.gov.ua/en/transport/ships/405
ECHO,9276030,MMSI 314972000,https://war-sanctions.gur.gov.ua/en/transport/ships/624
EDERRA,9258026,MMSI 613914210,https://war-sanctions.gur.gov.ua/en/transport/ships/801
ELEPHANT,9374868,MMSI 574005510,https://war-sanctions.gur.gov.ua/en/transport/ships/302
ELISE,9277747,MMSI 511101695,https://war-sanctions.gur.gov.ua/en/transport/ships/571
ELM,9804057,MMSI 273418480,https://war-sanctions.gur.gov.ua/en/transport/ships/752
ELMO,9256913,MMSI,https://war-sanctions.gur.gov.ua/en/transport/ships/758
ELPIS,9212400,MMSI 620999876,https://war-sanctions.gur.gov.ua/en/transport/ships/831
ELVA,9196644,MMSI 668116202,https://war-sanctions.gur.gov.ua/en/transport/ships/632
ELYTE,9345623,MMSI 511101744,https://war-sanctions.gur.gov.ua/en/transport/ships/430
ELZA,9221671,MMSI,https://war-sanctions.gur.gov.ua/en/transport/ships/390
EMERALD,8935407,MMSI 273447370,https://war-sanctions.gur.gov.ua/en/transport/ships/883
EMINENT,9383950,MMSI 620999936,https://war-sanctions.gur.gov.ua/en/transport/ships/557
EMMA,9321421,MMSI 750801000,https://war-sanctions.gur.gov.ua/en/transport/ships/645
ENIGMA,9333412,MMSI 314978000,https://war-sanctions.gur.gov.ua/en/transport/ships/767
ENISEY,9079169,MMSI 273212240,https://war-sanctions.gur.gov.ua/en/transport/ships/136
ESENTEPE,9247508,MMSI 352003670,https://war-sanctions.gur.gov.ua/en/transport/ships/941
ETERNAL PEACE,9259745,MMSI 352002158,https://war-sanctions.gur.gov.ua/en/transport/ships/862
EVENTIN,9308065,MMSI,https://war-sanctions.gur.gov.ua/en/transport/ships/528
EVITA,9408530,MMSI 314001088,https://war-sanctions.gur.gov.ua/en/transport/ships/1053
FAIR TRADER,9217979,MMSI 273414140,https://war-sanctions.gur.gov.ua/en/transport/ships/703
FAST KATHY,9408205,MMSI 620999929,https://war-sanctions.gur.gov.ua/en/transport/ships/476
FEARLESS,9513139,MMSI 620999855,https://war-sanctions.gur.gov.ua/en/transport/ships/490
FEDOR,9431977,MMSI 273294380,https://war-sanctions.gur.gov.ua/en/transport/ships/294
FEDOR USHAKOV,9753739,MMSI 273396260,https://war-sanctions.gur.gov.ua/en/transport/ships/668
FELIKS,9459242,MMSI 667002315,https://war-sanctions.gur.gov.ua/en/transport/ships/1035
FENGHUANG,9236248,MMSI 620999873,https://war-sanctions.gur.gov.ua/en/transport/ships/836
FESCO MAGADAN,9287699,MMSI 273452980,https://war-sanctions.gur.gov.ua/en/transport/ships/102
FESCO MONERON,9277412,MMSI 273210520,https://war-sanctions.gur.gov.ua/en/transport/ships/103
FIESTA,9260823,MMSI 667002321,https://war-sanctions.gur.gov.ua/en/transport/ships/487
FINVAL,9272412,MMSI 273212470,https://war-sanctions.gur.gov.ua/en/transport/ships/234
FIONA,8674156,MMSI 273395690,https://war-sanctions.gur.gov.ua/en/transport/ships/247
FIONA II,9262766,MMSI 351073000,https://war-sanctions.gur.gov.ua/en/transport/ships/633
FIRN,9224441,MMSI 352003221,https://war-sanctions.gur.gov.ua/en/transport/ships/426
FLORA,9365752,MMSI,https://war-sanctions.gur.gov.ua/en/transport/ships/832
FLORA 1,9307815,MMSI 511101742,https://war-sanctions.gur.gov.ua/en/transport/ships/803
FLURA,9354636,MMSI 273318520,https://war-sanctions.gur.gov.ua/en/transport/ships/1047
FLYING FOX,9829394,MMSI 533132807,https://war-sanctions.gur.gov.ua/en/transport/ships/151
FONDEYA,9388742,MMSI 620800039,https://war-sanctions.gur.gov.ua/en/transport/ships/462
FOTUO,9293959,MMSI,https://war-sanctions.gur.gov.ua/en/transport/ships/967
FREDA,9402469,MMSI 352003485,https://war-sanctions.gur.gov.ua/en/transport/ships/539
FREYA,9238052,MMSI,https://war-sanctions.gur.gov.ua/en/transport/ships/662
FRUNZE,9263643,MMSI 518998343,https://war-sanctions.gur.gov.ua/en/transport/ships/561
FT ISLAND,9166675,MMSI 334017000,https://war-sanctions.gur.gov.ua/en/transport/ships/634
FUGA BLUEMARINE,9235725,MMSI 629009500,https://war-sanctions.gur.gov.ua/en/transport/ships/449
FULGER,9326718,MMSI 667002327,https://war-sanctions.gur.gov.ua/en/transport/ships/552
FURIA,9257802,MMSI 667001248,https://war-sanctions.gur.gov.ua/en/transport/ships/568
FURY,9280873,MMSI,https://war-sanctions.gur.gov.ua/en/transport/ships/384
GALAXY,9826902,MMSI 620999820,https://war-sanctions.gur.gov.ua/en/transport/ships/263
GAM EXPRESS,8204119,MMSI,https://war-sanctions.gur.gov.ua/en/transport/ships/286
GARAKAC,7812945,MMSI 613672601,https://war-sanctions.gur.gov.ua/en/transport/ships/323
GARASAN,9323986,MMSI 630001161,https://war-sanctions.gur.gov.ua/en/transport/ships/556
GARUDA,9272931,MMSI 630001159,https://war-sanctions.gur.gov.ua/en/transport/ships/947
GASRET ALIEV,9083330,MMSI 273150400,https://war-sanctions.gur.gov.ua/en/transport/ships/61
GAZPROMNEFT ZUID EAST,9537109,MMSI 273353580,https://war-sanctions.gur.gov.ua/en/transport/ships/698
GEA,9292591,MMSI 215924000,https://war-sanctions.gur.gov.ua/en/transport/ships/965
GELENDZHGIC,8826230,MMSI 273434310,https://war-sanctions.gur.gov.ua/en/transport/ships/152
GENJI,9289738,MMSI 620800042,https://war-sanctions.gur.gov.ua/en/transport/ships/913
GENNADIY NEVELSKOY,9742120,MMSI 273396990,https://war-sanctions.gur.gov.ua/en/transport/ships/682
GENNADY EGOROV,9945124,MMSI 273615800,https://war-sanctions.gur.gov.ua/en/transport/ships/13
GENRIKH GASANOV,9083196,MMSI 273151300,https://war-sanctions.gur.gov.ua/en/transport/ships/62
GEORGIA,9302683,MMSI 215375000,https://war-sanctions.gur.gov.ua/en/transport/ships/955
GEORGY MASLOV,9610793,MMSI 273259730,https://war-sanctions.gur.gov.ua/en/transport/ships/154
GLISTAR,9249324,MMSI 750622000,https://war-sanctions.gur.gov.ua/en/transport/ships/572
GLOBAL ACE,9190078,MMSI,https://war-sanctions.gur.gov.ua/en/transport/ships/1110
GLOBAL ANGEL,9311309,MMSI,https://war-sanctions.gur.gov.ua/en/transport/ships/1111
GLOBAL ASPHALT,9005338,MMSI,https://war-sanctions.gur.gov.ua/en/transport/ships/1112
GLOBAL BEAUTY,9221267,MMSI,https://war-sanctions.gur.gov.ua/en/transport/ships/1113
GLOBAL CREST,9113094,MMSI,https://war-sanctions.gur.gov.ua/en/transport/ships/1114
GLOBAL DIGNITY,9309227,MMSI,https://war-sanctions.gur.gov.ua/en/transport/ships/1115
GLOBAL STAR,9198082,MMSI,https://war-sanctions.gur.gov.ua/en/transport/ships/773
GLORY OCEAN,9934498,MMSI 750331000,https://war-sanctions.gur.gov.ua/en/transport/ships/182
GOGLAND,9430210,MMSI 511100842,https://war-sanctions.gur.gov.ua/en/transport/ships/1036
GOLDEN EAGLE,9255684,MMSI 341313001,https://war-sanctions.gur.gov.ua/en/transport/ships/1058
GOLDEN YARA,8915299,MMSI 620842000,https://war-sanctions.gur.gov.ua/en/transport/ships/307
GRACEFUL,1011551,MMSI 273294110,https://war-sanctions.gur.gov.ua/en/transport/ships/175
GRIGORIY MIKHEYEV,8909331,MMSI 273457920,https://war-sanctions.gur.gov.ua/en/transport/ships/177
GRINCH,9288851,MMSI 620999912,https://war-sanctions.gur.gov.ua/en/transport/ships/502
GRUMANT,9385879,MMSI 273318940,https://war-sanctions.gur.gov.ua/en/transport/ships/303
GURU,9353096,MMSI 620999856,https://war-sanctions.gur.gov.ua/en/transport/ships/584
HANNA,9397456,MMSI 352004563,https://war-sanctions.gur.gov.ua/en/transport/ships/1123
HANNAH,9261619,MMSI 352005220,https://war-sanctions.gur.gov.ua/en/transport/ships/864
HASAN EAST,9292046,MMSI 314960000,https://war-sanctions.gur.gov.ua/en/transport/ships/764
HATTI,9247883,MMSI 577396000,https://war-sanctions.gur.gov.ua/en/transport/ships/453
HAWK III,9260263,MMSI 374125000,https://war-sanctions.gur.gov.ua/en/transport/ships/954
HENG TAI,9419448,MMSI,https://war-sanctions.gur.gov.ua/en/transport/ships/699
HERA,9326720,MMSI 574005330,https://war-sanctions.gur.gov.ua/en/transport/ships/473
HERMES,9338230,MMSI 273319940,https://war-sanctions.gur.gov.ua/en/transport/ships/245
HONG LU,9208215,MMSI,https://war-sanctions.gur.gov.ua/en/transport/ships/375
HORAE,9413004,MMSI 352179000,https://war-sanctions.gur.gov.ua/en/transport/ships/799
HORNET,9197844,MMSI,https://war-sanctions.gur.gov.ua/en/transport/ships/391
HS GLORY,9249087,MMSI,https://war-sanctions.gur.gov.ua/en/transport/ships/43
HU PO,9319686,MMSI,https://war-sanctions.gur.gov.ua/en/transport/ships/463
HUIHAI ATLANTIC,9312872,MMSI,https://war-sanctions.gur.gov.ua/en/transport/ships/700
HULDA,9290309,MMSI 668116313,https://war-sanctions.gur.gov.ua/en/transport/ships/448
HYPERION,9322968,MMSI 620800024,https://war-sanctions.gur.gov.ua/en/transport/ships/701
IGOR ORLOV,8892007,MMSI 273270200,https://war-sanctions.gur.gov.ua/en/transport/ships/843
IJEMO,9250737,MMSI 352002439,https://war-sanctions.gur.gov.ua/en/transport/ships/917
IMMANUEL,9056571,MMSI 273378220,https://war-sanctions.gur.gov.ua/en/transport/ships/987
IMPALAS,9171448,MMSI,https://war-sanctions.gur.gov.ua/en/transport/ships/1092
INA,9308443,MMSI 304752000,https://war-sanctions.gur.gov.ua/en/transport/ships/784
INDA,9256858,MMSI,https://war-sanctions.gur.gov.ua/en/transport/ships/100
INDRAS,9314894,MMSI,https://war-sanctions.gur.gov.ua/en/transport/ships/920
INDRI,9247429,MMSI 667002491,https://war-sanctions.gur.gov.ua/en/transport/ships/1146
INDUS 1,9360415,MMSI 511101776,https://war-sanctions.gur.gov.ua/en/transport/ships/973
INVICTA,9250543,MMSI,https://war-sanctions.gur.gov.ua/en/transport/ships/581
INZHENER TRUBIN,8502080,MMSI 273358380,https://war-sanctions.gur.gov.ua/en/transport/ships/107
INZHENER VESHNYAKOV,8502107,MMSI 273354480,https://war-sanctions.gur.gov.ua/en/transport/ships/108
IOHANN MAHMASTAL,8603406,MMSI 273110100,https://war-sanctions.gur.gov.ua/en/transport/ships/109
ION,9183271,MMSI 613003744,https://war-sanctions.gur.gov.ua/en/transport/ships/637
IPSALA,9759666,MMSI 273615220,https://war-sanctions.gur.gov.ua/en/transport/ships/74
IRIS,9953523,MMSI 273268340,https://war-sanctions.gur.gov.ua/en/transport/ships/296
IRKUTSK,9419084,MMSI 273611180,https://war-sanctions.gur.gov.ua/en/transport/ships/291
IRON WAVE,9248796,MMSI 511101765,https://war-sanctions.gur.gov.ua/en/transport/ships/971
IRTYSH RIVER,9435375,MMSI 273332530,https://war-sanctions.gur.gov.ua/en/transport/ships/997
ISIK 3,9031260,MMSI 273250800,https://war-sanctions.gur.gov.ua/en/transport/ships/342
ITAUGUA,9102277,MMSI 620999528,https://war-sanctions.gur.gov.ua/en/transport/ships/818
IVAN AIVAZOVSKY,9876359,MMSI 273257370,https://war-sanctions.gur.gov.ua/en/transport/ships/684
IVAN KIREEV,7423275,MMSI 273915000,https://war-sanctions.gur.gov.ua/en/transport/ships/178
IVAN SIDORENKO,9624213,MMSI 273413540,https://war-sanctions.gur.gov.ua/en/transport/ships/235
IVY,9337133,MMSI 574005380,https://war-sanctions.gur.gov.ua/en/transport/ships/702
IZOLA,9249312,MMSI 620800048,https://war-sanctions.gur.gov.ua/en/transport/ships/529
JACKLYN,9313498,MMSI 352005217,https://war-sanctions.gur.gov.ua/en/transport/ships/855
JAGUAR,9354301,MMSI 314001035,https://war-sanctions.gur.gov.ua/en/transport/ships/425
JALDHARA,9304825,MMSI 630001182,https://war-sanctions.gur.gov.ua/en/transport/ships/424
JAMES II,9253909,MMSI 511100897,https://war-sanctions.gur.gov.ua/en/transport/ships/1034
JAVA,9298595,MMSI 352004799,https://war-sanctions.gur.gov.ua/en/transport/ships/1067
JAYA,9410387,MMSI,https://war-sanctions.gur.gov.ua/en/transport/ships/643
JI LI I,9384435,MMSI 352002462,https://war-sanctions.gur.gov.ua/en/transport/ships/1022
JI SHUN,9384447,MMSI 667001306,https://war-sanctions.gur.gov.ua/en/transport/ships/1009
JI XIANG,9384459,MMSI 352002469,https://war-sanctions.gur.gov.ua/en/transport/ships/806
JUMBO,9290335,MMSI,https://war-sanctions.gur.gov.ua/en/transport/ships/427
JUN MA,9353113,MMSI,https://war-sanctions.gur.gov.ua/en/transport/ships/274
JUPITER,9397535,MMSI 273265590,https://war-sanctions.gur.gov.ua/en/transport/ships/683
JUPITER I,9599341,MMSI 273253180,https://war-sanctions.gur.gov.ua/en/transport/ships/807
KAI FU,9281009,MMSI 352005201,https://war-sanctions.gur.gov.ua/en/transport/ships/1055
KALUGA,9585924,MMSI 273298630,https://war-sanctions.gur.gov.ua/en/transport/ships/853
KAMELOT,9265873,MMSI 667002405,https://war-sanctions.gur.gov.ua/en/transport/ships/865
KAPITAN AVESHNIKOV,8332796,MMSI 273334900,https://war-sanctions.gur.gov.ua/en/transport/ships/884
KAPITAN BEKLEMISHEV,8724080,MMSI 273451820,https://war-sanctions.gur.gov.ua/en/transport/ships/236
KAPITAN GOTSKY,9372559,MMSI 273335010,https://war-sanctions.gur.gov.ua/en/transport/ships/599
KAPITAN KOKOVIN,9279422,MMSI 273396150,https://war-sanctions.gur.gov.ua/en/transport/ships/110
KAPITAN KRASNOV,9584372,MMSI 273350720,https://war-sanctions.gur.gov.ua/en/transport/ships/1077
KAPITAN MIRONOV,9077563,MMSI 273383610,https://war-sanctions.gur.gov.ua/en/transport/ships/314
KAPITAN RYNTSYN,8618073,MMSI 273440100,https://war-sanctions.gur.gov.ua/en/transport/ships/111
KAPITAN SAKHAROV,9279434,MMSI 273395150,https://war-sanctions.gur.gov.ua/en/transport/ships/112
KAPITAN SKACHKOV,8951255,MMSI 273318240,https://war-sanctions.gur.gov.ua/en/transport/ships/370
KARABAKH,9810513,MMSI 423520100,https://war-sanctions.gur.gov.ua/en/transport/ships/876
KARAKUZ,9621558,MMSI 273359180,https://war-sanctions.gur.gov.ua/en/transport/ships/1121
KARELIYA,9306782,MMSI 273257910,https://war-sanctions.gur.gov.ua/en/transport/ships/185
KAROL,9327413,MMSI,https://war-sanctions.gur.gov.ua/en/transport/ships/37
KARS,9288710,MMSI 620999998,https://war-sanctions.gur.gov.ua/en/transport/ships/406
KARTHA,9317949,MMSI 620999997,https://war-sanctions.gur.gov.ua/en/transport/ships/413
KATIUSKA,9236004,MMSI 372669000,https://war-sanctions.gur.gov.ua/en/transport/ships/483
KATRAN,9260275,MMSI 667002357,https://war-sanctions.gur.gov.ua/en/transport/ships/863
KAZAN,9258002,MMSI 273259910,https://war-sanctions.gur.gov.ua/en/transport/ships/183
KELLY GRACE,9331141,MMSI 620999977,https://war-sanctions.gur.gov.ua/en/transport/ships/279
KEMEROVO,9312884,MMSI 273250830,https://war-sanctions.gur.gov.ua/en/transport/ships/161
KHALASI,9293997,MMSI 626463000,https://war-sanctions.gur.gov.ua/en/transport/ships/948
KHOLMOGORY,9109081,MMSI 273342810,https://war-sanctions.gur.gov.ua/en/transport/ships/113
KIRA K,9346720,MMSI 352002809,https://war-sanctions.gur.gov.ua/en/transport/ships/494
KIRILL LAVROV,9333682,MMSI 273345750,https://war-sanctions.gur.gov.ua/en/transport/ships/685
KOALA,9234642,MMSI 305262000,https://war-sanctions.gur.gov.ua/en/transport/ships/524
KOCATEPE,9274666,MMSI 352003673,https://war-sanctions.gur.gov.ua/en/transport/ships/963
KOEN,9199127,MMSI 352001461,https://war-sanctions.gur.gov.ua/en/transport/ships/566
KOLOMNA,9341093,MMSI 273250930,https://war-sanctions.gur.gov.ua/en/transport/ships/157
KOMPOZITOR ELZA IBRAGIMOVA,8606628,MMSI 273428520,https://war-sanctions.gur.gov.ua/en/transport/ships/63
KOMPOZITOR RAKHMANINOV,8606616,MMSI 273452650,https://war-sanctions.gur.gov.ua/en/transport/ships/326
KONAK,8933203,MMSI 613906100,https://war-sanctions.gur.gov.ua/en/transport/ships/345
KORD ATLANTIC,9299161,MMSI 273454890,https://war-sanctions.gur.gov.ua/en/transport/ships/982
KORYAK FSU,9915105,MMSI 273259900,https://war-sanctions.gur.gov.ua/en/transport/ships/186
KOYSUG,8883252,MMSI 273454720,https://war-sanctions.gur.gov.ua/en/transport/ships/352
KRASNODAR,9296781,MMSI 273611740,https://war-sanctions.gur.gov.ua/en/transport/ships/310
KRASNOYARSK,9312896,MMSI 273257030,https://war-sanctions.gur.gov.ua/en/transport/ships/166
KRUGER,9412995,MMSI,https://war-sanctions.gur.gov.ua/en/transport/ships/49
KUNASHIR,9142588,MMSI 273350370,https://war-sanctions.gur.gov.ua/en/transport/ships/188
KUPAVA,9749154,MMSI 273380170,https://war-sanctions.gur.gov.ua/en/transport/ships/671
KUSTO,9308833,MMSI 667001256,https://war-sanctions.gur.gov.ua/en/transport/ships/600
KYLO,9189146,MMSI 620800028,https://war-sanctions.gur.gov.ua/en/transport/ships/575
Kaliningrad,9341067,MMSI 273251230,https://war-sanctions.gur.gov.ua/en/transport/ships/160
Krymsk,9270529,MMSI 273259230,https://war-sanctions.gur.gov.ua/en/transport/ships/165
LA PEROUSE,9849887,MMSI 620999835,https://war-sanctions.gur.gov.ua/en/transport/ships/356
LADA,9749130,MMSI 511101480,https://war-sanctions.gur.gov.ua/en/transport/ships/669
LADOGA,9339313,MMSI 636013273,https://war-sanctions.gur.gov.ua/en/transport/ships/156
LADY D,9349289,MMSI 273293160,https://war-sanctions.gur.gov.ua/en/transport/ships/64
LADY LEILA,9683740,MMSI 273340060,https://war-sanctions.gur.gov.ua/en/transport/ships/202
LADY LUCY,9341512,MMSI 750804000,https://war-sanctions.gur.gov.ua/en/transport/ships/644
LADY MARIIA,9220641,MMSI 273292160,https://war-sanctions.gur.gov.ua/en/transport/ships/65
LADY R,9161003,MMSI 273212120,https://war-sanctions.gur.gov.ua/en/transport/ships/66
LADY RANIA,9784893,MMSI 273382620,https://war-sanctions.gur.gov.ua/en/transport/ships/203
LADY SEVDA,9683738,MMSI 273342180,https://war-sanctions.gur.gov.ua/en/transport/ships/204
LAHAR,9321691,MMSI 621819097,https://war-sanctions.gur.gov.ua/en/transport/ships/412
LAMANTIN,9396854,MMSI 273299220,https://war-sanctions.gur.gov.ua/en/transport/ships/237
LAMD,9320843,MMSI,https://war-sanctions.gur.gov.ua/en/transport/ships/1093
LAPOMINKA,8928143,MMSI 273911200,https://war-sanctions.gur.gov.ua/en/transport/ships/114
LARK,9277759,MMSI 511101731,https://war-sanctions.gur.gov.ua/en/transport/ships/1023
LATUR,9321706,MMSI 620999829,https://war-sanctions.gur.gov.ua/en/transport/ships/420
LAUREN II,9258521,MMSI,https://war-sanctions.gur.gov.ua/en/transport/ships/694
LAURYN,9259599,MMSI,https://war-sanctions.gur.gov.ua/en/transport/ships/38
LAVRENTIOS,8647866,MMSI 273387810,https://war-sanctions.gur.gov.ua/en/transport/ships/313
LAVRION,8729195,MMSI 273418280,https://war-sanctions.gur.gov.ua/en/transport/ships/362
LAZURIT,8957132,MMSI 273430690,https://war-sanctions.gur.gov.ua/en/transport/ships/885
LEBRE,9255672,MMSI 314001008,https://war-sanctions.gur.gov.ua/en/transport/ships/602
LEGACY,9339337,MMSI 620999818,https://war-sanctions.gur.gov.ua/en/transport/ships/271
LENA,9594339,MMSI 378314000,https://war-sanctions.gur.gov.ua/en/transport/ships/207
LEO,9412347,MMSI 620999826,https://war-sanctions.gur.gov.ua/en/transport/ships/333
LEONA,9299721,MMSI 668116311,https://war-sanctions.gur.gov.ua/en/transport/ships/586
LEONID PESTRIKOV,9922122,MMSI 273297510,https://war-sanctions.gur.gov.ua/en/transport/ships/14
LEOPARD,9284594,MMSI 574005550,https://war-sanctions.gur.gov.ua/en/transport/ships/573
LERUO,9385831,MMSI 667002320,https://war-sanctions.gur.gov.ua/en/transport/ships/1060
LEVEL,9339325,MMSI 461000246,https://war-sanctions.gur.gov.ua/en/transport/ships/262
LEXI,9203277,MMSI,https://war-sanctions.gur.gov.ua/en/transport/ships/819
LIETO,9389679,MMSI 577399000,https://war-sanctions.gur.gov.ua/en/transport/ships/538
LIGOVSKY PROSPECT,9256066,MMSI 273251810,https://war-sanctions.gur.gov.ua/en/transport/ships/184
LILY,9294331,MMSI 353502000,https://war-sanctions.gur.gov.ua/en/transport/ships/786
LION I,9384069,MMSI 352005346,https://war-sanctions.gur.gov.ua/en/transport/ships/1037
LIPETSK,9339301,MMSI 273255820,https://war-sanctions.gur.gov.ua/en/transport/ships/223
LISTIGA,9292838,MMSI 667002323,https://war-sanctions.gur.gov.ua/en/transport/ships/1061
LITEYNY PROSPECT,9256078,MMSI 273254130,https://war-sanctions.gur.gov.ua/en/transport/ships/164
LLEVANT,9399480,MMSI 352004616,https://war-sanctions.gur.gov.ua/en/transport/ships/906
LOKOSAO,9286657,MMSI,https://war-sanctions.gur.gov.ua/en/transport/ships/266
LONG BAI,9388754,MMSI 352002820,https://war-sanctions.gur.gov.ua/en/transport/ships/541
LONGEVITY 7,9240885,MMSI 511101781,https://war-sanctions.gur.gov.ua/en/transport/ships/861
LORENA GRAND,9288899,MMSI,https://war-sanctions.gur.gov.ua/en/transport/ships/265
LOTUS,9392822,MMSI,https://war-sanctions.gur.gov.ua/en/transport/ships/534
LUBOV,9915650,MMSI 273292860,https://war-sanctions.gur.gov.ua/en/transport/ships/350
LUCKY FAIRY,9348479,MMSI 352003437,https://war-sanctions.gur.gov.ua/en/transport/ships/604
LUMIN,9330599,MMSI 352004627,https://war-sanctions.gur.gov.ua/en/transport/ships/850
LUNAR TIDE,9277735,MMSI 677062600,https://war-sanctions.gur.gov.ua/en/transport/ships/281
LYDIA II,9365776,MMSI,https://war-sanctions.gur.gov.ua/en/transport/ships/833
LYDIA V,9875422,MMSI 273214570,https://war-sanctions.gur.gov.ua/en/transport/ships/1075
LYDYA N,9153525,MMSI,https://war-sanctions.gur.gov.ua/en/transport/ships/820
LYRA,9314088,MMSI 352001732,https://war-sanctions.gur.gov.ua/en/transport/ships/451
M SOPHIA,9289477,MMSI 374933000,https://war-sanctions.gur.gov.ua/en/transport/ships/695
M. ANDREEV,8946377,MMSI 273379000,https://war-sanctions.gur.gov.ua/en/transport/ships/367
MA JIN,9346744,MMSI 667002086,https://war-sanctions.gur.gov.ua/en/transport/ships/504
MACKEREL,9236755,MMSI 629009376,https://war-sanctions.gur.gov.ua/en/transport/ships/939
MADAME GU,1011331,MMSI 319906000,https://war-sanctions.gur.gov.ua/en/transport/ships/131
MAIA-1,9358010,MMSI 273291160,https://war-sanctions.gur.gov.ua/en/transport/ships/67
MAINI,9319870,MMSI 352004885,https://war-sanctions.gur.gov.ua/en/transport/ships/421
MAISAN,9289776,MMSI 352002675,https://war-sanctions.gur.gov.ua/en/transport/ships/871
MAISHA,9232929,MMSI,https://war-sanctions.gur.gov.ua/en/transport/ships/931
MAKALU,9314105,MMSI 620999871,https://war-sanctions.gur.gov.ua/en/transport/ships/480
MALAK,9378632,MMSI 620999844,https://war-sanctions.gur.gov.ua/en/transport/ships/533
MALILI,9179921,MMSI 525018442,https://war-sanctions.gur.gov.ua/en/transport/ships/821
MANASLU,9388027,MMSI 352002116,https://war-sanctions.gur.gov.ua/en/transport/ships/796
MANGAZEYA,7741108,MMSI 273434010,https://war-sanctions.gur.gov.ua/en/transport/ships/32
MANTA,9220938,MMSI 629009390,https://war-sanctions.gur.gov.ua/en/transport/ships/574
MANTA,9424651,MMSI 667001259,https://war-sanctions.gur.gov.ua/en/transport/ships/1006
MARABELLA SUN,9323376,MMSI 620800018,https://war-sanctions.gur.gov.ua/en/transport/ships/609
MARATHON,9288746,MMSI 620999965,https://war-sanctions.gur.gov.ua/en/transport/ships/431
MARBLE,9323974,MMSI,https://war-sanctions.gur.gov.ua/en/transport/ships/1024
MARIA,8517839,MMSI 273359830,https://war-sanctions.gur.gov.ua/en/transport/ships/56
MARIA,9198783,MMSI 273610900,https://war-sanctions.gur.gov.ua/en/transport/ships/657
MARIA E,9617923,MMSI 273380810,https://war-sanctions.gur.gov.ua/en/transport/ships/208
MARIEL,9247376,MMSI 667002425,https://war-sanctions.gur.gov.ua/en/transport/ships/1144
MARIGOLD,9242118,MMSI,https://war-sanctions.gur.gov.ua/en/transport/ships/394
MARINA VISION,8106109,MMSI 525010379,https://war-sanctions.gur.gov.ua/en/transport/ships/822
MARINE SPIRIT,9288019,MMSI 620999969,https://war-sanctions.gur.gov.ua/en/transport/ships/824
MARINER A,9288954,MMSI 215817000,https://war-sanctions.gur.gov.ua/en/transport/ships/877
MARKAB,9441958,MMSI 626459000,https://war-sanctions.gur.gov.ua/en/transport/ships/953
MARLIN,9585912,MMSI 273452590,https://war-sanctions.gur.gov.ua/en/transport/ships/1066
MARQUISE,9315745,MMSI 314001007,https://war-sanctions.gur.gov.ua/en/transport/ships/1119
MARS 6,9384992,MMSI 352005360,https://war-sanctions.gur.gov.ua/en/transport/ships/851
MARSHAL VASILEVSKIY,9778313,MMSI 273437230,https://war-sanctions.gur.gov.ua/en/transport/ships/415
MARSHAL ZHUKOV,9690224,MMSI 273377120,https://war-sanctions.gur.gov.ua/en/transport/ships/248
MASAL,9169421,MMSI 422169700,https://war-sanctions.gur.gov.ua/en/transport/ships/755
MATARI,9253313,MMSI 667001281,https://war-sanctions.gur.gov.ua/en/transport/ships/1031
MATROS KOSHKA,9550137,MMSI 273297880,https://war-sanctions.gur.gov.ua/en/transport/ships/301
MATROS POZYNICH,9573816,MMSI 273292990,https://war-sanctions.gur.gov.ua/en/transport/ships/306
MATROS SHEVCHENKO,9574195,MMSI 273611850,https://war-sanctions.gur.gov.ua/en/transport/ships/305
MEDNA,9281683,MMSI 620999315,https://war-sanctions.gur.gov.ua/en/transport/ships/628
MEE,6603177,MMSI 273438290,https://war-sanctions.gur.gov.ua/en/transport/ships/341
MEGION,9590137,MMSI 273355640,https://war-sanctions.gur.gov.ua/en/transport/ships/697
MEKHANIK BRILIN,8904408,MMSI 273114600,https://war-sanctions.gur.gov.ua/en/transport/ships/115
MEKHANIK KOTTSOV,8904410,MMSI 273113600,https://war-sanctions.gur.gov.ua/en/transport/ships/116
MEKHANIK KRASKOVSKIY,8904458,MMSI 273116000,https://war-sanctions.gur.gov.ua/en/transport/ships/117
MEKHANIK MAKARIN,8904379,MMSI 273115700,https://war-sanctions.gur.gov.ua/en/transport/ships/118
MEKHANIK PUSTOSHNYY,8904422,MMSI 273114000,https://war-sanctions.gur.gov.ua/en/transport/ships/119
MEKHANIK PYATLIN,8904434,MMSI 273118000,https://war-sanctions.gur.gov.ua/en/transport/ships/120
MEKHANIK YARTSEV,8904367,MMSI 273114700,https://war-sanctions.gur.gov.ua/en/transport/ships/121
MEROPE,9281891,MMSI 352002495,https://war-sanctions.gur.gov.ua/en/transport/ships/466
MERU,9187227,MMSI 620999801,https://war-sanctions.gur.gov.ua/en/transport/ships/479
MESTRAL,9391402,MMSI 352004840,https://war-sanctions.gur.gov.ua/en/transport/ships/915
MEZHDURECHENSK,8948167,MMSI 273311460,https://war-sanctions.gur.gov.ua/en/transport/ships/287
MIDVOLGA-3,9735141,MMSI 273374820,https://war-sanctions.gur.gov.ua/en/transport/ships/670
MIKATI,9250892,MMSI 667002308,https://war-sanctions.gur.gov.ua/en/transport/ships/445
MIKHAIL BRITNEV,9081370,MMSI 273299250,https://war-sanctions.gur.gov.ua/en/transport/ships/30
MIKHAIL LAZAREV,9837547,MMSI 273212310,https://war-sanctions.gur.gov.ua/en/transport/ships/686
MIKHAIL LOMONOSOV,9216482,MMSI 273343810,https://war-sanctions.gur.gov.ua/en/transport/ships/122
MIKHAIL NENASHEV,9515539,MMSI 273292290,https://war-sanctions.gur.gov.ua/en/transport/ships/304
MIKHAIL ULYANOV,9333670,MMSI 273328440,https://war-sanctions.gur.gov.ua/en/transport/ships/687
MILANO,9286059,MMSI 636022825,https://war-sanctions.gur.gov.ua/en/transport/ships/960
MILEY,9314818,MMSI,https://war-sanctions.gur.gov.ua/en/transport/ships/47
MILLEROVO,9035541,MMSI 273351980,https://war-sanctions.gur.gov.ua/en/transport/ships/924
MIN HANG,9257137,MMSI 518999094,https://war-sanctions.gur.gov.ua/en/transport/ships/576
MINERVA PACIFICA,9325831,MMSI 256332000,https://war-sanctions.gur.gov.ua/en/transport/ships/878
MINION,9389095,MMSI 352005302,https://war-sanctions.gur.gov.ua/en/transport/ships/1145
MIRABEL,9511521,MMSI 461000255,https://war-sanctions.gur.gov.ua/en/transport/ships/399
MIRES,9299771,MMSI 667002360,https://war-sanctions.gur.gov.ua/en/transport/ships/607
MISSONI,9296810,MMSI 352002353,https://war-sanctions.gur.gov.ua/en/transport/ships/577
MITZEL,9233741,MMSI 620999869,https://war-sanctions.gur.gov.ua/en/transport/ships/454
MOCHA,9271951,MMSI,https://war-sanctions.gur.gov.ua/en/transport/ships/635
MONARCH I,9377779,MMSI 352005252,https://war-sanctions.gur.gov.ua/en/transport/ships/1039
MONTE 1,9297553,MMSI 352005256,https://war-sanctions.gur.gov.ua/en/transport/ships/1054
MONTE BIANCO,9385233,MMSI,https://war-sanctions.gur.gov.ua/en/transport/ships/256
MT KONSTANTINOVSK,9113276,MMSI 273454260,https://war-sanctions.gur.gov.ua/en/transport/ships/1042
MURMAN,9682423,MMSI 273370640,https://war-sanctions.gur.gov.ua/en/transport/ships/238
MURMANSK,9167930,MMSI 273430430,https://war-sanctions.gur.gov.ua/en/transport/ships/707
MUSA JALIL,8846814,MMSI 273353660,https://war-sanctions.gur.gov.ua/en/transport/ships/282
MYLASA,9439400,MMSI 314001132,https://war-sanctions.gur.gov.ua/en/transport/ships/875
MYS DEZHNEVA,9368340,MMSI 273218890,https://war-sanctions.gur.gov.ua/en/transport/ships/29
MYS FLORA,9433286,MMSI 273295260,https://war-sanctions.gur.gov.ua/en/transport/ships/28
MYS SHMIDTA,9243825,MMSI 273256600,https://war-sanctions.gur.gov.ua/en/transport/ships/31
MYS ZHELANIYA,9366110,MMSI 273216130,https://war-sanctions.gur.gov.ua/en/transport/ships/35
NACHOS,9330604,MMSI 667002359,https://war-sanctions.gur.gov.ua/en/transport/ships/777
NADEZHDA,8611221,MMSI 273456690,https://war-sanctions.gur.gov.ua/en/transport/ships/285
NADYM,9210933,MMSI 273332020,https://war-sanctions.gur.gov.ua/en/transport/ships/347
NAGARJUNA,9299733,MMSI 668116372,https://war-sanctions.gur.gov.ua/en/transport/ships/414
NARCISSUS,9232931,MMSI 352002661,https://war-sanctions.gur.gov.ua/en/transport/ships/532
NARVAL,9171876,MMSI 273417870,https://war-sanctions.gur.gov.ua/en/transport/ships/239
NASIMI,9397676,MMSI 423046100,https://war-sanctions.gur.gov.ua/en/transport/ships/1065
NAUTILUS,9434890,MMSI 577327000,https://war-sanctions.gur.gov.ua/en/transport/ships/506
NAVIS-6,9868807,MMSI 273451690,https://war-sanctions.gur.gov.ua/en/transport/ships/15
NAXOS,9336426,MMSI 352002674,https://war-sanctions.gur.gov.ua/en/transport/ships/511
NEER 1,9224283,MMSI 629009466,https://war-sanctions.gur.gov.ua/en/transport/ships/481
NEMAN,7005554,MMSI 273315300,https://war-sanctions.gur.gov.ua/en/transport/ships/1088
NEMBUS,9334296,MMSI 626455000,https://war-sanctions.gur.gov.ua/en/transport/ships/933
NEON,9183295,MMSI 667002409,https://war-sanctions.gur.gov.ua/en/transport/ships/513
NESO,9257149,MMSI,https://war-sanctions.gur.gov.ua/en/transport/ships/823
NEVAH,9368235,MMSI 620800043,https://war-sanctions.gur.gov.ua/en/transport/ships/805
NEVSKIY PROSPECT,9256054,MMSI 273258030,https://war-sanctions.gur.gov.ua/en/transport/ships/163
NEW POWER,9266853,MMSI 620800046,https://war-sanctions.gur.gov.ua/en/transport/ships/708
NEXT,9286023,MMSI 630001114,https://war-sanctions.gur.gov.ua/en/transport/ships/1014
NIBLO,9332028,MMSI 352003666,https://war-sanctions.gur.gov.ua/en/transport/ships/1016
NICHOLA,9224271,MMSI 750307000,https://war-sanctions.gur.gov.ua/en/transport/ships/395
NICHOLE,9332822,MMSI 629009350,https://war-sanctions.gur.gov.ua/en/transport/ships/608
NIGHT GLORY,9319674,MMSI,https://war-sanctions.gur.gov.ua/en/transport/ships/459
NIKOLAI LEONOV,9922134,MMSI 273298020,https://war-sanctions.gur.gov.ua/en/transport/ships/16
NIKOLAY ANISHCHENKOV,9942392,MMSI 273614750,https://war-sanctions.gur.gov.ua/en/transport/ships/17
NIKOLAY ZADORNOV,9901037,MMSI 620999884,https://war-sanctions.gur.gov.ua/en/transport/ships/679
NIL 308,9285744,MMSI 629009476,https://war-sanctions.gur.gov.ua/en/transport/ships/646
NIMBUS SPB,8821761,MMSI 273350170,https://war-sanctions.gur.gov.ua/en/transport/ships/981
NIRVANA,1011202,MMSI 533132675,https://war-sanctions.gur.gov.ua/en/transport/ships/222
NOBEL,9105114,MMSI 613709612,https://war-sanctions.gur.gov.ua/en/transport/ships/925
NOBEL M,9228784,MMSI 314001017,https://war-sanctions.gur.gov.ua/en/transport/ships/938
NOBLE,9333400,MMSI 620999958,https://war-sanctions.gur.gov.ua/en/transport/ships/766
NOBLE WALKER,9292981,MMSI,https://war-sanctions.gur.gov.ua/en/transport/ships/614
NOCTIS,9258868,MMSI 620999845,https://war-sanctions.gur.gov.ua/en/transport/ships/456
NORD,9025778,MMSI 273313020,https://war-sanctions.gur.gov.ua/en/transport/ships/249
NORD STAR,9323596,MMSI 352003296,https://war-sanctions.gur.gov.ua/en/transport/ships/879
NORDIC,9309007,MMSI 636022737,https://war-sanctions.gur.gov.ua/en/transport/ships/1118
NORDIMAR GALE,9263198,MMSI 630001101,https://war-sanctions.gur.gov.ua/en/transport/ships/951
NORTH LIGHT,9958298,MMSI 563225500,https://war-sanctions.gur.gov.ua/en/transport/ships/1002
NORTH MOON,9958303,MMSI 563231400,https://war-sanctions.gur.gov.ua/en/transport/ships/1000
NORTH OCEAN,9958315,MMSI 563239700,https://war-sanctions.gur.gov.ua/en/transport/ships/1001
NOSTOS,9258014,MMSI 636019667,https://war-sanctions.gur.gov.ua/en/transport/ships/945
NOVA ENERGY,9324277,MMSI,https://war-sanctions.gur.gov.ua/en/transport/ships/308
NP DIKSON,9255270,MMSI 273290390,https://war-sanctions.gur.gov.ua/en/transport/ships/137
NURSULTAN NAZARBAYEV,9842217,MMSI,https://war-sanctions.gur.gov.ua/en/transport/ships/709
NVS PIONEER,9171345,MMSI 511101538,https://war-sanctions.gur.gov.ua/en/transport/ships/935
NYANTARA,9242120,MMSI,https://war-sanctions.gur.gov.ua/en/transport/ships/1106
Nizami Ganjavi,9369617,MMSI 273314230,https://war-sanctions.gur.gov.ua/en/transport/ships/353
NР DUDINKA,9183831,MMSI 273292090,https://war-sanctions.gur.gov.ua/en/transport/ships/138
OASIS,9265756,MMSI 620999138,https://war-sanctions.gur.gov.ua/en/transport/ships/500
OASIS II,9167150,MMSI 371744000,https://war-sanctions.gur.gov.ua/en/transport/ships/934
OCEAN AUTUMN,9379052,MMSI 352001425,https://war-sanctions.gur.gov.ua/en/transport/ships/992
OCEAN EMBRACE,9327372,MMSI,https://war-sanctions.gur.gov.ua/en/transport/ships/625
OCEAN FAYE,9321689,MMSI 677087600,https://war-sanctions.gur.gov.ua/en/transport/ships/522
OCEAN JUPITER,7381556,MMSI,https://war-sanctions.gur.gov.ua/en/transport/ships/993
OCEAN PEARL,9436018,MMSI 511101769,https://war-sanctions.gur.gov.ua/en/transport/ships/598
OCEAN THUNDER,9416422,MMSI 352003620,https://war-sanctions.gur.gov.ua/en/transport/ships/468
OCTANS,9224295,MMSI 668116213,https://war-sanctions.gur.gov.ua/en/transport/ships/393
ODIN,9151890,MMSI 273426280,https://war-sanctions.gur.gov.ua/en/transport/ships/980
ODUNE,9229374,MMSI 667002337,https://war-sanctions.gur.gov.ua/en/transport/ships/475
OKEAN,9142916,MMSI 273378580,https://war-sanctions.gur.gov.ua/en/transport/ships/1017
OKEANSKY PROSPECT,9866380,MMSI 273618730,https://war-sanctions.gur.gov.ua/en/transport/ships/627
OKEANSKY PROSPECT,9898254,MMSI,https://war-sanctions.gur.gov.ua/en/transport/ships/710
OKYROE,9273088,MMSI 538002621,https://war-sanctions.gur.gov.ua/en/transport/ships/962
OLAF 1,9224465,MMSI 620999796,https://war-sanctions.gur.gov.ua/en/transport/ships/467
OLANGA,9286463,MMSI 273355340,https://war-sanctions.gur.gov.ua/en/transport/ships/711
OLGA,8700046,MMSI 273356400,https://war-sanctions.gur.gov.ua/en/transport/ships/68
OLIA,9268112,MMSI,https://war-sanctions.gur.gov.ua/en/transport/ships/578
OLINA,9282479,MMSI 668116324,https://war-sanctions.gur.gov.ua/en/transport/ships/606
OLIVE,9318034,MMSI,https://war-sanctions.gur.gov.ua/en/transport/ships/898
OLYMPIA,1006960,MMSI 319766000,https://war-sanctions.gur.gov.ua/en/transport/ships/176
OLYMPUS,9511387,MMSI 620999806,https://war-sanctions.gur.gov.ua/en/transport/ships/334
OMMAX,9481738,MMSI 616999019,https://war-sanctions.gur.gov.ua/en/transport/ships/886
OMNI,9400980,MMSI 352001876,https://war-sanctions.gur.gov.ua/en/transport/ships/798
OMSK,9418509,MMSI 273371330,https://war-sanctions.gur.gov.ua/en/transport/ships/712
OMSKIY-103,8889385,MMSI 273437300,https://war-sanctions.gur.gov.ua/en/transport/ships/284
OMSKIY-119,8926913,MMSI 273290480,https://war-sanctions.gur.gov.ua/en/transport/ships/337
OMSKIY-133,8873336,MMSI 273310900,https://war-sanctions.gur.gov.ua/en/transport/ships/890
OMSKIY-86,8936798,MMSI 273337010,https://war-sanctions.gur.gov.ua/en/transport/ships/887
ONEIROI,9390587,MMSI 352002241,https://war-sanctions.gur.gov.ua/en/transport/ships/797
ONIX,8943478,MMSI 273435130,https://war-sanctions.gur.gov.ua/en/transport/ships/888
ONYX,9236640,MMSI,https://war-sanctions.gur.gov.ua/en/transport/ships/713
OREL-1,8853570,MMSI 273330080,https://war-sanctions.gur.gov.ua/en/transport/ships/889
ORIENT HARMONY,9620633,MMSI 620999858,https://war-sanctions.gur.gov.ua/en/transport/ships/714
ORIENT VISION,9673202,MMSI 620999749,https://war-sanctions.gur.gov.ua/en/transport/ships/715
ORION,9131357,MMSI 613003807,https://war-sanctions.gur.gov.ua/en/transport/ships/610
OSTAP SHEREMETA,9624225,MMSI 273459710,https://war-sanctions.gur.gov.ua/en/transport/ships/240
OSTROV RUSSKIY,9087714,MMSI 273610060,https://war-sanctions.gur.gov.ua/en/transport/ships/1018
OTLA,9299719,MMSI 620999925,https://war-sanctions.gur.gov.ua/en/transport/ships/216
OXIN,9190274,MMSI 273359190,https://war-sanctions.gur.gov.ua/en/transport/ships/197
OXIS,9224805,MMSI 613612000,https://war-sanctions.gur.gov.ua/en/transport/ships/717
OZANNO,9394935,MMSI 620999978,https://war-sanctions.gur.gov.ua/en/transport/ships/259
PACIFIC,9329667,MMSI 620999957,https://war-sanctions.gur.gov.ua/en/transport/ships/765
PACIFIC 01,9395379,MMSI 352003611,https://war-sanctions.gur.gov.ua/en/transport/ships/1019
PACIFICOS,9288930,MMSI 273616650,https://war-sanctions.gur.gov.ua/en/transport/ships/975
PACKARD,9289518,MMSI 314001078,https://war-sanctions.gur.gov.ua/en/transport/ships/869
PANDA,9284582,MMSI 750109000,https://war-sanctions.gur.gov.ua/en/transport/ships/579
PARAMUSHIR,9190286,MMSI 273354390,https://war-sanctions.gur.gov.ua/en/transport/ships/195
PARTIZANSK,8700096,MMSI 273336730,https://war-sanctions.gur.gov.ua/en/transport/ships/988
PASSAT,8523242,MMSI 273440080,https://war-sanctions.gur.gov.ua/en/transport/ships/250
PATE,9338905,MMSI 511101730,https://war-sanctions.gur.gov.ua/en/transport/ships/503
PATHFINDER,9577094,MMSI 620800041,https://war-sanctions.gur.gov.ua/en/transport/ships/615
PATRIA,9159921,MMSI 273394340,https://war-sanctions.gur.gov.ua/en/transport/ships/193
PAVEL CHERNYSH,9301380,MMSI 273264760,https://war-sanctions.gur.gov.ua/en/transport/ships/690
PEACE,9249130,MMSI 667002396,https://war-sanctions.gur.gov.ua/en/transport/ships/583
PEGASUS,9276028,MMSI 620800023,https://war-sanctions.gur.gov.ua/en/transport/ships/718
PERLE,9630028,MMSI 620800017,https://war-sanctions.gur.gov.ua/en/transport/ships/691
PETA LUMINA,9296391,MMSI 314909000,https://war-sanctions.gur.gov.ua/en/transport/ships/267
PETERPAUL,9163269,MMSI,https://war-sanctions.gur.gov.ua/en/transport/ships/835
PETROTRANS-5902,9900514,MMSI 273218340,https://war-sanctions.gur.gov.ua/en/transport/ships/18
PETROTRANS-5903,9902196,MMSI 273210350,https://war-sanctions.gur.gov.ua/en/transport/ships/1074
PHOENIX,9333424,MMSI 668116333,https://war-sanctions.gur.gov.ua/en/transport/ships/269
PHOENIX CROWN,9299496,MMSI 525103018,https://war-sanctions.gur.gov.ua/en/transport/ships/968
PHONIX,9198317,MMSI,https://war-sanctions.gur.gov.ua/en/transport/ships/757
PICTOR,9322827,MMSI 632001107,https://war-sanctions.gur.gov.ua/en/transport/ships/50
PIER,9273442,MMSI 314001099,https://war-sanctions.gur.gov.ua/en/transport/ships/1013
PIERRE,9266877,MMSI 667002336,https://war-sanctions.gur.gov.ua/en/transport/ships/1033
PING SHUN,9231901,MMSI,https://war-sanctions.gur.gov.ua/en/transport/ships/837
PIONEER,9255282,MMSI 273254770,https://war-sanctions.gur.gov.ua/en/transport/ships/944
PIZHMA,8814354,MMSI 273413510,https://war-sanctions.gur.gov.ua/en/transport/ships/211
PM BACTON,9264283,MMSI 667002454,https://war-sanctions.gur.gov.ua/en/transport/ships/811
POLA AGATA,9903841,MMSI 273214060,https://war-sanctions.gur.gov.ua/en/transport/ships/93
POLA ALEXIA,9903853,MMSI 273215270,https://war-sanctions.gur.gov.ua/en/transport/ships/94
POLA ANASTASIA,9897690,MMSI 273218530,https://war-sanctions.gur.gov.ua/en/transport/ships/90
POLA ANATOLIA,9851103,MMSI 273435200,https://war-sanctions.gur.gov.ua/en/transport/ships/84
POLA ANFISA,9851115,MMSI 273448220,https://war-sanctions.gur.gov.ua/en/transport/ships/85
POLA DUDINKA,9190107,MMSI 273292470,https://war-sanctions.gur.gov.ua/en/transport/ships/77
POLA FEODOSIA,9849461,MMSI 273422380,https://war-sanctions.gur.gov.ua/en/transport/ships/82
POLA FILOFEIA,9849435,MMSI 273414870,https://war-sanctions.gur.gov.ua/en/transport/ships/80
POLA FIVA,9849473,MMSI 273423690,https://war-sanctions.gur.gov.ua/en/transport/ships/83
POLA GALI,9851127,MMSI 273217290,https://war-sanctions.gur.gov.ua/en/transport/ships/86
POLA HARITA,9888792,MMSI 273215210,https://war-sanctions.gur.gov.ua/en/transport/ships/87
POLA MAKARIA,9849423,MMSI 273416760,https://war-sanctions.gur.gov.ua/en/transport/ships/79
POLA MARIA,9897705,MMSI 273215830,https://war-sanctions.gur.gov.ua/en/transport/ships/89
POLA MARINA,9903865,MMSI 273214080,https://war-sanctions.gur.gov.ua/en/transport/ships/95
POLA MIROPIA,9903877,MMSI 273215580,https://war-sanctions.gur.gov.ua/en/transport/ships/96
POLA PELAGIA,9888807,MMSI 273217810,https://war-sanctions.gur.gov.ua/en/transport/ships/88
POLA SEVASTIANA,9691785,MMSI 273395260,https://war-sanctions.gur.gov.ua/en/transport/ships/78
POLA SOFIA,9849459,MMSI 273416980,https://war-sanctions.gur.gov.ua/en/transport/ships/81
POLA VARVARA,9903839,MMSI 273210550,https://war-sanctions.gur.gov.ua/en/transport/ships/92
POLA YAROSLAVA,9903827,MMSI 273218740,https://war-sanctions.gur.gov.ua/en/transport/ships/91
POLAR ROCK,9116632,MMSI 273398330,https://war-sanctions.gur.gov.ua/en/transport/ships/225
POLARIS 1,9272694,MMSI 422546600,https://war-sanctions.gur.gov.ua/en/transport/ships/825
PORT OLYA-1,9481922,MMSI 273343190,https://war-sanctions.gur.gov.ua/en/transport/ships/69
PORT OLYA-2,9481881,MMSI 273379120,https://war-sanctions.gur.gov.ua/en/transport/ships/70
PORT OLYA-3,9481910,MMSI 273371920,https://war-sanctions.gur.gov.ua/en/transport/ships/315
PORT OLYA-4,9481934,MMSI 273390550,https://war-sanctions.gur.gov.ua/en/transport/ships/325
PRAVASI,9409467,MMSI,https://war-sanctions.gur.gov.ua/en/transport/ships/719
PREMIER,9577082,MMSI 620800022,https://war-sanctions.gur.gov.ua/en/transport/ships/611
PRIMAVERA,9511533,MMSI 461000256,https://war-sanctions.gur.gov.ua/en/transport/ships/264
PRIMORYE,9421960,MMSI 273255610,https://war-sanctions.gur.gov.ua/en/transport/ships/221
PRINCESS EVA,9109861,MMSI 613003584,https://war-sanctions.gur.gov.ua/en/transport/ships/642
PRISMA,9299678,MMSI 667001243,https://war-sanctions.gur.gov.ua/en/transport/ships/1050
PROFESSOR LOGACHEV,8834691,MMSI 273456410,https://war-sanctions.gur.gov.ua/en/transport/ships/226
PROFESSOR RYABINKIN,8504923,MMSI 273457600,https://war-sanctions.gur.gov.ua/en/transport/ships/228
PROSPERITY,9322956,MMSI 273266690,https://war-sanctions.gur.gov.ua/en/transport/ships/688
PROXIMA,9329655,MMSI 273264690,https://war-sanctions.gur.gov.ua/en/transport/ships/720
PRS OCEAN,9276561,MMSI 629009508,https://war-sanctions.gur.gov.ua/en/transport/ships/603
PRUDENCE,9271585,MMSI 620999815,https://war-sanctions.gur.gov.ua/en/transport/ships/419
PU YANG,9174220,MMSI 750769000,https://war-sanctions.gur.gov.ua/en/transport/ships/392
PUGNAX,9763849,MMSI 563203800,https://war-sanctions.gur.gov.ua/en/transport/ships/98
PUSHPA,9332810,MMSI 629009038,https://war-sanctions.gur.gov.ua/en/transport/ships/411
PYOTR STOLYPIN,9904675,MMSI,https://war-sanctions.gur.gov.ua/en/transport/ships/170
QUARTANUS,9247443,MMSI,https://war-sanctions.gur.gov.ua/en/transport/ships/895
RAGNAR,9384095,MMSI 511100983,https://war-sanctions.gur.gov.ua/en/transport/ships/1030
RAINE,9223540,MMSI,https://war-sanctions.gur.gov.ua/en/transport/ships/716
RANGLER,9206671,MMSI 613670000,https://war-sanctions.gur.gov.ua/en/transport/ships/542
RANI,9250907,MMSI,https://war-sanctions.gur.gov.ua/en/transport/ships/1105
RASUL GAMZATOV,8861058,MMSI 273157300,https://war-sanctions.gur.gov.ua/en/transport/ships/71
RCELEBRA,9286073,MMSI 613902500,https://war-sanctions.gur.gov.ua/en/transport/ships/808
REGAL I,9247431,MMSI 352002401,https://war-sanctions.gur.gov.ua/en/transport/ships/562
REINEL,9311531,MMSI,https://war-sanctions.gur.gov.ua/en/transport/ships/470
REUS,9253076,MMSI,https://war-sanctions.gur.gov.ua/en/transport/ships/508
RHEIN,9306562,MMSI 630001105,https://war-sanctions.gur.gov.ua/en/transport/ships/1070
RICCA,9292577,MMSI,https://war-sanctions.gur.gov.ua/en/transport/ships/1032
RIGEL,9296406,MMSI,https://war-sanctions.gur.gov.ua/en/transport/ships/434
RIMMA,9337901,MMSI 511101757,https://war-sanctions.gur.gov.ua/en/transport/ships/438
RM 3,8877241,MMSI 273379650,https://war-sanctions.gur.gov.ua/en/transport/ships/318
RN AMUR,9653068,MMSI 273333470,https://war-sanctions.gur.gov.ua/en/transport/ships/721
RN SAKHALIN,9650016,MMSI 273399390,https://war-sanctions.gur.gov.ua/en/transport/ships/653
RN USSURI,9653070,MMSI 273320710,https://war-sanctions.gur.gov.ua/en/transport/ships/722
ROC,9275660,MMSI,https://war-sanctions.gur.gov.ua/en/transport/ships/1090
ROSALIN,9253325,MMSI 668116325,https://war-sanctions.gur.gov.ua/en/transport/ships/444
ROSTUM HEDONIST,9955894,MMSI 636093240,https://war-sanctions.gur.gov.ua/en/transport/ships/311
ROWAN,9410870,MMSI,https://war-sanctions.gur.gov.ua/en/transport/ships/42
ROZMARINE,9250531,MMSI 620999800,https://war-sanctions.gur.gov.ua/en/transport/ships/520
RUBY CROSS,9350654,MMSI 620999870,https://war-sanctions.gur.gov.ua/en/transport/ships/736
RUNA,9314882,MMSI 511101767,https://war-sanctions.gur.gov.ua/en/transport/ships/897
RYMO,9308857,MMSI 352004764,https://war-sanctions.gur.gov.ua/en/transport/ships/612
RZK CONSTANTA,8711289,MMSI 273148510,https://war-sanctions.gur.gov.ua/en/transport/ships/139
S. KUZNETSOV,9210359,MMSI 273336180,https://war-sanctions.gur.gov.ua/en/transport/ships/123
SAAM FSU,9915090,MMSI 273256300,https://war-sanctions.gur.gov.ua/en/transport/ships/187
SABETTA,9347061,MMSI 273297290,https://war-sanctions.gur.gov.ua/en/transport/ships/150
SABINA,9524451,MMSI 620999938,https://war-sanctions.gur.gov.ua/en/transport/ships/559
SAFEEN BARONESS,9460576,MMSI 538010321,https://war-sanctions.gur.gov.ua/en/transport/ships/909
SAFEEN ELONA,9488011,MMSI 538010608,https://war-sanctions.gur.gov.ua/en/transport/ships/912
SAGA,9318553,MMSI 620800026,https://war-sanctions.gur.gov.ua/en/transport/ships/276
SAGITTA,9296822,MMSI,https://war-sanctions.gur.gov.ua/en/transport/ships/446
SAHARA,9322267,MMSI,https://war-sanctions.gur.gov.ua/en/transport/ships/48
SAKHALIN,9249128,MMSI 273259630,https://war-sanctions.gur.gov.ua/en/transport/ships/162
SAKHALIN 10,8857667,MMSI 273186400,https://war-sanctions.gur.gov.ua/en/transport/ships/201
SAKHALIN 8,8330516,MMSI 273187000,https://war-sanctions.gur.gov.ua/en/transport/ships/199
SAKHALIN 9,8728543,MMSI 273185600,https://war-sanctions.gur.gov.ua/en/transport/ships/200
SAKINA,9530917,MMSI 620999941,https://war-sanctions.gur.gov.ua/en/transport/ships/560
SALVIA,9297319,MMSI,https://war-sanctions.gur.gov.ua/en/transport/ships/381
SAMADHA,9286281,MMSI 667002428,https://war-sanctions.gur.gov.ua/en/transport/ships/1041
SAMIRA,9436006,MMSI 620999939,https://war-sanctions.gur.gov.ua/en/transport/ships/517
SAN COSMAS,9274343,MMSI,https://war-sanctions.gur.gov.ua/en/transport/ships/258
SAN DAMIAN,9274331,MMSI,https://war-sanctions.gur.gov.ua/en/transport/ships/257
SANAR 15,9777670,MMSI 273375360,https://war-sanctions.gur.gov.ua/en/transport/ships/231
SANAR-10,9300348,MMSI 273444390,https://war-sanctions.gur.gov.ua/en/transport/ships/9
SANAR-14,9313589,MMSI 273445480,https://war-sanctions.gur.gov.ua/en/transport/ships/11
SANAR-18,9645011,MMSI 273358170,https://war-sanctions.gur.gov.ua/en/transport/ships/1049
SANAR-9,9300350,MMSI 273433680,https://war-sanctions.gur.gov.ua/en/transport/ships/10
SANDHYA,9352195,MMSI,https://war-sanctions.gur.gov.ua/en/transport/ships/813
SANRAYZ,8862935,MMSI 273437420,https://war-sanctions.gur.gov.ua/en/transport/ships/916
SAPFIR,8700010,MMSI 273355400,https://war-sanctions.gur.gov.ua/en/transport/ships/60
SAPPHIRE,9309576,MMSI 314001031,https://war-sanctions.gur.gov.ua/en/transport/ships/689
SARA II,9301615,MMSI 636022546,https://war-sanctions.gur.gov.ua/en/transport/ships/51
SARASWATI,9383869,MMSI 352005254,https://war-sanctions.gur.gov.ua/en/transport/ships/1040
SASCO ALDAN,9358034,MMSI 273293420,https://war-sanctions.gur.gov.ua/en/transport/ships/189
SASCO ANGARA,9242986,MMSI 273390170,https://war-sanctions.gur.gov.ua/en/transport/ships/191
SASCO ANIVA,9255402,MMSI 273383520,https://war-sanctions.gur.gov.ua/en/transport/ships/192
SASCO AVACHA,9246140,MMSI 273373920,https://war-sanctions.gur.gov.ua/en/transport/ships/190
SATARA,9524463,MMSI 620999879,https://war-sanctions.gur.gov.ua/en/transport/ships/489
SATNA,9253234,MMSI,https://war-sanctions.gur.gov.ua/en/transport/ships/896
SATURN,9421972,MMSI 620999816,https://war-sanctions.gur.gov.ua/en/transport/ships/403
SATURN A,9293337,MMSI 636023623,https://war-sanctions.gur.gov.ua/en/transport/ships/966
SATURN I,9655470,MMSI 273259970,https://war-sanctions.gur.gov.ua/en/transport/ships/995
SAURI,9266475,MMSI 613003808,https://war-sanctions.gur.gov.ua/en/transport/ships/804
SAVITRI,9289752,MMSI,https://war-sanctions.gur.gov.ua/en/transport/ships/585
SCF ENDEAVOUR,9335678,MMSI 273312540,https://war-sanctions.gur.gov.ua/en/transport/ships/723
SCF ENDURANCE,9335680,MMSI 273314650,https://war-sanctions.gur.gov.ua/en/transport/ships/724
SCF ENTERPRISE,9335692,MMSI 273312060,https://war-sanctions.gur.gov.ua/en/transport/ships/725
SCF SAKHALIN,9307724,MMSI 273318120,https://war-sanctions.gur.gov.ua/en/transport/ships/726
SEA FIDELITY,9285835,MMSI 620999927,https://war-sanctions.gur.gov.ua/en/transport/ships/407
SEA HONOR,9315654,MMSI,https://war-sanctions.gur.gov.ua/en/transport/ships/486
SEA JEWEL,9402732,MMSI,https://war-sanctions.gur.gov.ua/en/transport/ships/775
SEA MARINE 1,9255830,MMSI 574322000,https://war-sanctions.gur.gov.ua/en/transport/ships/781
SEA MAVERICK,9265885,MMSI 667002316,https://war-sanctions.gur.gov.ua/en/transport/ships/866
SEA RAKER,9266762,MMSI 255916308,https://war-sanctions.gur.gov.ua/en/transport/ships/956
SEA RHAPSODY,1010648,MMSI 533132399,https://war-sanctions.gur.gov.ua/en/transport/ships/255
SEABASS,9266750,MMSI 314901000,https://war-sanctions.gur.gov.ua/en/transport/ships/921
SEAL,9252400,MMSI 629009388,https://war-sanctions.gur.gov.ua/en/transport/ships/942
SEALION I,9234501,MMSI,https://war-sanctions.gur.gov.ua/en/transport/ships/814
SEASKY,9237412,MMSI 268242902,https://war-sanctions.gur.gov.ua/en/transport/ships/516
SEASONS I,9308950,MMSI 352005336,https://war-sanctions.gur.gov.ua/en/transport/ships/1051
SEGINUS,9256028,MMSI,https://war-sanctions.gur.gov.ua/en/transport/ships/1149
SELENGA,8714657,MMSI 273352140,https://war-sanctions.gur.gov.ua/en/transport/ships/196
SENSUS,9296585,MMSI,https://war-sanctions.gur.gov.ua/en/transport/ships/52
SERENA,9255660,MMSI 629009448,https://war-sanctions.gur.gov.ua/en/transport/ships/553
SERENADE,9318541,MMSI 620999860,https://war-sanctions.gur.gov.ua/en/transport/ships/277
SERGEI WITTE,9904687,MMSI,https://war-sanctions.gur.gov.ua/en/transport/ships/169
SERGEY TERSKOV,9637961,MMSI 273387430,https://war-sanctions.gur.gov.ua/en/transport/ships/1046
SEVERNIY PROECT,9202053,MMSI 273432110,https://war-sanctions.gur.gov.ua/en/transport/ships/140
SEZAR,9259991,MMSI 352003749,https://war-sanctions.gur.gov.ua/en/transport/ships/1008
SH EXPRESS,9085443,MMSI 511625000,https://war-sanctions.gur.gov.ua/en/transport/ships/343
SHAH ISMAYIL KHATAI,9284116,MMSI 423205100,https://war-sanctions.gur.gov.ua/en/transport/ships/1064
SHANGRI LA,9274434,MMSI 620999836,https://war-sanctions.gur.gov.ua/en/transport/ships/484
SHANNON II,9237797,MMSI 314903000,https://war-sanctions.gur.gov.ua/en/transport/ships/826
SHTURMAN ALBANOV,9752084,MMSI 273397870,https://war-sanctions.gur.gov.ua/en/transport/ships/727
SHTURMAN KOSHELEV,9759939,MMSI 273391160,https://war-sanctions.gur.gov.ua/en/transport/ships/728
SHTURMAN MALYGIN,9752096,MMSI 273398780,https://war-sanctions.gur.gov.ua/en/transport/ships/729
SHTURMAN OVTSYN,9752101,MMSI 273391790,https://war-sanctions.gur.gov.ua/en/transport/ships/730
SHTURMAN SHCHERBININ,9759927,MMSI 273385570,https://war-sanctions.gur.gov.ua/en/transport/ships/731
SHTURMAN SKURATOV,9759915,MMSI 273392990,https://war-sanctions.gur.gov.ua/en/transport/ships/732
SHUSHA,9779941,MMSI 423519100,https://war-sanctions.gur.gov.ua/en/transport/ships/911
SI HE,9378618,MMSI,https://war-sanctions.gur.gov.ua/en/transport/ships/733
SIBERIA,9239458,MMSI 273217210,https://war-sanctions.gur.gov.ua/en/transport/ships/141
SIERRA,9522324,MMSI,https://war-sanctions.gur.gov.ua/en/transport/ships/404
SIG,9735335,MMSI 273340190,https://war-sanctions.gur.gov.ua/en/transport/ships/251
SIKAR,9419137,MMSI 620999846,https://war-sanctions.gur.gov.ua/en/transport/ships/540
SILVAR,9291262,MMSI 352001887,https://war-sanctions.gur.gov.ua/en/transport/ships/616
SILVERA,9248849,MMSI 667002338,https://war-sanctions.gur.gov.ua/en/transport/ships/535
SIMUSHIR,9179385,MMSI 273356170,https://war-sanctions.gur.gov.ua/en/transport/ships/198
SIRIUS,9422445,MMSI 620999942,https://war-sanctions.gur.gov.ua/en/transport/ships/474
SIRIUS 1,9285847,MMSI 620999839,https://war-sanctions.gur.gov.ua/en/transport/ships/734
SIVUCH,9157820,MMSI 273418870,https://war-sanctions.gur.gov.ua/en/transport/ships/241
SIYANIE SEVERA,9250385,MMSI 273398650,https://war-sanctions.gur.gov.ua/en/transport/ships/124
SKADI,9230971,MMSI,https://war-sanctions.gur.gov.ua/en/transport/ships/1095
SKAGE,9194995,MMSI 314001089,https://war-sanctions.gur.gov.ua/en/transport/ships/455
SKIF-V,8858087,MMSI 273336790,https://war-sanctions.gur.gov.ua/en/transport/ships/218
SKY RIDER,9208124,MMSI 511100837,https://war-sanctions.gur.gov.ua/en/transport/ships/859
SKYLYN,9259197,MMSI 750064000,https://war-sanctions.gur.gov.ua/en/transport/ships/464
SKYWAVE,9328716,MMSI 620999902,https://war-sanctions.gur.gov.ua/en/transport/ships/815
SMART,8943428,MMSI 273439590,https://war-sanctions.gur.gov.ua/en/transport/ships/1083
SMP ARKHANGELSK,9240550,MMSI 273293820,https://war-sanctions.gur.gov.ua/en/transport/ships/125
SMP NOVODVINSK,9398046,MMSI 273298320,https://war-sanctions.gur.gov.ua/en/transport/ships/126
SMP SEVERODVINSK,9376440,MMSI 273291430,https://war-sanctions.gur.gov.ua/en/transport/ships/127
SMYRTOS,9389100,MMSI 352005289,https://war-sanctions.gur.gov.ua/en/transport/ships/1052
SOFIA,9211999,MMSI 273615700,https://war-sanctions.gur.gov.ua/en/transport/ships/676
SOFIA,9245263,MMSI 273251830,https://war-sanctions.gur.gov.ua/en/transport/ships/346
SOFIA K,9299123,MMSI 352002667,https://war-sanctions.gur.gov.ua/en/transport/ships/899
SOFOS,9278064,MMSI 667002413,https://war-sanctions.gur.gov.ua/en/transport/ships/867
SOLEA,9319703,MMSI 629009537,https://war-sanctions.gur.gov.ua/en/transport/ships/537
SOMA,9237228,MMSI 620799853,https://war-sanctions.gur.gov.ua/en/transport/ships/546
SONA,8700060,MMSI 273357400,https://war-sanctions.gur.gov.ua/en/transport/ships/72
SONA,9428358,MMSI,https://war-sanctions.gur.gov.ua/en/transport/ships/990
SOORAJ,9332834,MMSI 621819012,https://war-sanctions.gur.gov.ua/en/transport/ships/436
SORION,9274446,MMSI,https://war-sanctions.gur.gov.ua/en/transport/ships/45
SORMOVSKIY-3057,8419635,MMSI 273325400,https://war-sanctions.gur.gov.ua/en/transport/ships/1073
SORMOVSKIY-48,8226428,MMSI 273453680,https://war-sanctions.gur.gov.ua/en/transport/ships/321
SOUL,9263203,MMSI 630001099,https://war-sanctions.gur.gov.ua/en/transport/ships/970
SOUTH STAR,9263186,MMSI 630001103,https://war-sanctions.gur.gov.ua/en/transport/ships/950
SPARK,9310525,MMSI 511101766,https://war-sanctions.gur.gov.ua/en/transport/ships/429
SPARTA,9268710,MMSI 273389870,https://war-sanctions.gur.gov.ua/en/transport/ships/212
SPARTA II,9160994,MMSI 273394890,https://war-sanctions.gur.gov.ua/en/transport/ships/209
SPARTA IV,9743033,MMSI 273413440,https://war-sanctions.gur.gov.ua/en/transport/ships/214
SPASATEL KAREV,9497531,MMSI 273357360,https://war-sanctions.gur.gov.ua/en/transport/ships/242
SPIRIT 2,9409259,MMSI 511101801,https://war-sanctions.gur.gov.ua/en/transport/ships/605
SPRING,9315446,MMSI,https://war-sanctions.gur.gov.ua/en/transport/ships/706
SPRING FORTUNE,9386536,MMSI,https://war-sanctions.gur.gov.ua/en/transport/ships/618
SPRITE,9252333,MMSI 304803000,https://war-sanctions.gur.gov.ua/en/transport/ships/779
SPUTNIK ENERGY,9256602,MMSI,https://war-sanctions.gur.gov.ua/en/transport/ships/292
SREDINA,9236975,MMSI 357263000,https://war-sanctions.gur.gov.ua/en/transport/ships/940
STALINGRAD,9690212,MMSI 273340640,https://war-sanctions.gur.gov.ua/en/transport/ships/252
STAR FOREST,9237632,MMSI 477949100,https://war-sanctions.gur.gov.ua/en/transport/ships/774
STAR TWINKLE 6,9256987,MMSI,https://war-sanctions.gur.gov.ua/en/transport/ships/1096
STARWAY,9273246,MMSI 352004620,https://war-sanctions.gur.gov.ua/en/transport/ships/946
STELLAR BEVERLY,9208069,MMSI 372839000,https://war-sanctions.gur.gov.ua/en/transport/ships/527
STEPAN MAKAROV,9753727,MMSI 273392530,https://war-sanctions.gur.gov.ua/en/transport/ships/735
STK-1003,8326058,MMSI 273458720,https://war-sanctions.gur.gov.ua/en/transport/ships/316
STK-1004,8326060,MMSI 273439130,https://war-sanctions.gur.gov.ua/en/transport/ships/348
STK-1016,8521880,MMSI 273438520,https://war-sanctions.gur.gov.ua/en/transport/ships/317
STK-1019,8620014,MMSI 273327700,https://war-sanctions.gur.gov.ua/en/transport/ships/349
SUCCESS,9333436,MMSI 620999861,https://war-sanctions.gur.gov.ua/en/transport/ships/268
SUDAK,8943155,MMSI 273445150,https://war-sanctions.gur.gov.ua/en/transport/ships/253
SUN,9293117,MMSI 304736000,https://war-sanctions.gur.gov.ua/en/transport/ships/531
SUZDAL,9288992,MMSI 273444330,https://war-sanctions.gur.gov.ua/en/transport/ships/1098
SV KONSTANTIN,9203710,MMSI 273450880,https://war-sanctions.gur.gov.ua/en/transport/ships/205
SV NIKOLAY,9482926,MMSI 273215770,https://war-sanctions.gur.gov.ua/en/transport/ships/206
SVYATOY KNYAZ VLADIMIR,9678238,MMSI 273393630,https://war-sanctions.gur.gov.ua/en/transport/ships/737
SWIFTSEA RIDER,9318539,MMSI 620999898,https://war-sanctions.gur.gov.ua/en/transport/ships/435
SWORD LION,9136785,MMSI 271050524,https://war-sanctions.gur.gov.ua/en/transport/ships/320
SYMPHONY,9309588,MMSI 620999862,https://war-sanctions.gur.gov.ua/en/transport/ships/738
SYNDRA,9321976,MMSI 352001510,https://war-sanctions.gur.gov.ua/en/transport/ships/452
TAGOR,9282481,MMSI 352002249,https://war-sanctions.gur.gov.ua/en/transport/ships/580
TAI SHAN,9405057,MMSI 352003501,https://war-sanctions.gur.gov.ua/en/transport/ships/972
TAIBOLA,9086253,MMSI 273298070,https://war-sanctions.gur.gov.ua/en/transport/ships/142
TAIMYR,8821797,MMSI 273397130,https://war-sanctions.gur.gov.ua/en/transport/ships/143
TAIMYR,9105140,MMSI 273432830,https://war-sanctions.gur.gov.ua/en/transport/ships/857
TALISMAN,9292060,MMSI 620999883,https://war-sanctions.gur.gov.ua/en/transport/ships/739
TAMBEY,9014872,MMSI 273386260,https://war-sanctions.gur.gov.ua/en/transport/ships/144
TANGO,9292058,MMSI 620999882,https://war-sanctions.gur.gov.ua/en/transport/ships/740
TASCA,9313149,MMSI,https://war-sanctions.gur.gov.ua/en/transport/ships/696
TASSOS,9408695,MMSI 636022764,https://war-sanctions.gur.gov.ua/en/transport/ships/485
TEAM,9292589,MMSI 352003750,https://war-sanctions.gur.gov.ua/en/transport/ships/1012
TELESTO,9213296,MMSI 314001023,https://war-sanctions.gur.gov.ua/en/transport/ships/567
TEMIRO,9209972,MMSI 613579000,https://war-sanctions.gur.gov.ua/en/transport/ships/802
TERIBERKA,8931748,MMSI 273913200,https://war-sanctions.gur.gov.ua/en/transport/ships/128
TERIBERKA,9081291,MMSI 273211090,https://war-sanctions.gur.gov.ua/en/transport/ships/145
TERSKIY BEREG,9081368,MMSI 273295950,https://war-sanctions.gur.gov.ua/en/transport/ships/146
THEMIR,9154000,MMSI 620800008,https://war-sanctions.gur.gov.ua/en/transport/ships/838
THEMIS,9264570,MMSI,https://war-sanctions.gur.gov.ua/en/transport/ships/544
THORIN,9330472,MMSI 667001235,https://war-sanctions.gur.gov.ua/en/transport/ships/1020
THRON,9404948,MMSI 620120256,https://war-sanctions.gur.gov.ua/en/transport/ships/514
TIBURON,9283291,MMSI 667001287,https://war-sanctions.gur.gov.ua/en/transport/ships/554
TIKSY,8821802,MMSI 273396870,https://war-sanctions.gur.gov.ua/en/transport/ships/147
TIMOFEY GUZHENKO,9372561,MMSI 273330620,https://war-sanctions.gur.gov.ua/en/transport/ships/619
TIS,9817779,MMSI 273396740,https://war-sanctions.gur.gov.ua/en/transport/ships/741
TK SCORPIO,9346732,MMSI 750059000,https://war-sanctions.gur.gov.ua/en/transport/ships/680
TOA PAYOH,9298492,MMSI 352002149,https://war-sanctions.gur.gov.ua/en/transport/ships/787
TONG YUAN,9638197,MMSI 412303160,https://war-sanctions.gur.gov.ua/en/transport/ships/994
TONIL,9307932,MMSI,https://war-sanctions.gur.gov.ua/en/transport/ships/759
TOPAZ,9292034,MMSI 314959000,https://war-sanctions.gur.gov.ua/en/transport/ships/742
TORERO M,9292503,MMSI,https://war-sanctions.gur.gov.ua/en/transport/ships/555
TOREX,9257814,MMSI 314981000,https://war-sanctions.gur.gov.ua/en/transport/ships/509
TREND,9231509,MMSI 314001043,https://war-sanctions.gur.gov.ua/en/transport/ships/525
TRITON,7236141,MMSI 273314420,https://war-sanctions.gur.gov.ua/en/transport/ships/129
TRIUMPH,9344033,MMSI,https://war-sanctions.gur.gov.ua/en/transport/ships/743
TRUST,9382798,MMSI 620800021,https://war-sanctions.gur.gov.ua/en/transport/ships/626
TURACO,9247780,MMSI 620999926,https://war-sanctions.gur.gov.ua/en/transport/ships/564
TURBO VOYAGER,9299898,MMSI 677083800,https://war-sanctions.gur.gov.ua/en/transport/ships/409
TURUKHAN,9081332,MMSI 273299950,https://war-sanctions.gur.gov.ua/en/transport/ships/148
TWENTY ONE,9288265,MMSI,https://war-sanctions.gur.gov.ua/en/transport/ships/756
TWIN STAR,9101637,MMSI 372108000,https://war-sanctions.gur.gov.ua/en/transport/ships/364
TYCHE 1,9308077,MMSI 352001823,https://war-sanctions.gur.gov.ua/en/transport/ships/526
TYCHE I,9247390,MMSI 352002704,https://war-sanctions.gur.gov.ua/en/transport/ships/389
TYMEN,9422653,MMSI 273334570,https://war-sanctions.gur.gov.ua/en/transport/ships/744
ULA,9780940,MMSI 273613220,https://war-sanctions.gur.gov.ua/en/transport/ships/75
ULUC KA,9228801,MMSI 271051063,https://war-sanctions.gur.gov.ua/en/transport/ships/355
UMBA,9196620,MMSI 273387920,https://war-sanctions.gur.gov.ua/en/transport/ships/745
UMKA,9171620,MMSI 273397740,https://war-sanctions.gur.gov.ua/en/transport/ships/243
UNITE,9308132,MMSI 630001117,https://war-sanctions.gur.gov.ua/en/transport/ships/1069
UNITY,9388792,MMSI 629009486,https://war-sanctions.gur.gov.ua/en/transport/ships/499
UNIVERSAL,9384306,MMSI 620999934,https://war-sanctions.gur.gov.ua/en/transport/ships/746
URSA MAJOR,9538892,MMSI 273396130,https://war-sanctions.gur.gov.ua/en/transport/ships/213
URSUS ARCTOS,9297369,MMSI 636022405,https://war-sanctions.gur.gov.ua/en/transport/ships/894
USKO MFU,7919781,MMSI 613101900,https://war-sanctions.gur.gov.ua/en/transport/ships/288
UTAKI,9262924,MMSI 667002334,https://war-sanctions.gur.gov.ua/en/transport/ships/621
UTRENNIY,9347059,MMSI 273292120,https://war-sanctions.gur.gov.ua/en/transport/ships/149
V. USPENSKIY,8946389,MMSI 273372100,https://war-sanctions.gur.gov.ua/en/transport/ships/372
VAFA,8422670,MMSI 273370900,https://war-sanctions.gur.gov.ua/en/transport/ships/338
VAFA-1,8422682,MMSI 273375800,https://war-sanctions.gur.gov.ua/en/transport/ships/339
VALENTE,9288863,MMSI 629009566,https://war-sanctions.gur.gov.ua/en/transport/ships/1011
VALENTIN EMIROV,8866591,MMSI 273159700,https://war-sanctions.gur.gov.ua/en/transport/ships/73
VALENTIN PIKUL,9885879,MMSI 273259920,https://war-sanctions.gur.gov.ua/en/transport/ships/747
VALERA,9630004,MMSI 620999837,https://war-sanctions.gur.gov.ua/en/transport/ships/416
VALOUR,9410894,MMSI,https://war-sanctions.gur.gov.ua/en/transport/ships/41
VANGUARD,9311622,MMSI 620999834,https://war-sanctions.gur.gov.ua/en/transport/ships/330
VANITY,9371608,MMSI 268241802,https://war-sanctions.gur.gov.ua/en/transport/ships/760
VARG,9335094,MMSI 511101759,https://war-sanctions.gur.gov.ua/en/transport/ships/1027
VASILY DINKOV,9372547,MMSI 273345020,https://war-sanctions.gur.gov.ua/en/transport/ships/748
VASILY LANOVOY,9621601,MMSI 273256410,https://war-sanctions.gur.gov.ua/en/transport/ships/36
VAULT,9310707,MMSI 352003746,https://war-sanctions.gur.gov.ua/en/transport/ships/1015
VAYU 1,9290517,MMSI,https://war-sanctions.gur.gov.ua/en/transport/ships/812
VEGA,9316127,MMSI 620999828,https://war-sanctions.gur.gov.ua/en/transport/ships/329
VELES,9299173,MMSI 273337270,https://war-sanctions.gur.gov.ua/en/transport/ships/978
VELMAR,9832547,MMSI 314001071,https://war-sanctions.gur.gov.ua/en/transport/ships/518
VENGERY,9451642,MMSI 273217060,https://war-sanctions.gur.gov.ua/en/transport/ships/974
VENUS III,9599353,MMSI 273255980,https://war-sanctions.gur.gov.ua/en/transport/ships/1025
VERA,8602957,MMSI 273443550,https://war-sanctions.gur.gov.ua/en/transport/ships/322
VERA,9304655,MMSI,https://war-sanctions.gur.gov.ua/en/transport/ships/382
VERNAL,9207027,MMSI 667002362,https://war-sanctions.gur.gov.ua/en/transport/ships/523
VERONICA,9256860,MMSI 422544900,https://war-sanctions.gur.gov.ua/en/transport/ships/101
VERONICA III,9326055,MMSI,https://war-sanctions.gur.gov.ua/en/transport/ships/761
VERSA,9379301,MMSI 352001907,https://war-sanctions.gur.gov.ua/en/transport/ships/794
VESNA,9233349,MMSI,https://war-sanctions.gur.gov.ua/en/transport/ships/471
VF TANKER-3,9640516,MMSI 273353450,https://war-sanctions.gur.gov.ua/en/transport/ships/998
VF TANKER-4,9640528,MMSI 273354450,https://war-sanctions.gur.gov.ua/en/transport/ships/999
VICTOR ANDRYUKHIN,9922110,MMSI 273298410,https://war-sanctions.gur.gov.ua/en/transport/ships/19
VICTOR KONETSKY,9301421,MMSI 620999885,https://war-sanctions.gur.gov.ua/en/transport/ships/692
VICTORIA,9212008,MMSI 273619700,https://war-sanctions.gur.gov.ua/en/transport/ships/677
VICTORIA K,1041348,MMSI 273253950,https://war-sanctions.gur.gov.ua/en/transport/ships/1122
VICTORIA V,9454125,MMSI 273253030,https://war-sanctions.gur.gov.ua/en/transport/ships/1080
VICTORY LIGHT,9161871,MMSI 352003191,https://war-sanctions.gur.gov.ua/en/transport/ships/926
VIEW,9271327,MMSI,https://war-sanctions.gur.gov.ua/en/transport/ships/663
VIKRAM,9205067,MMSI 613429702,https://war-sanctions.gur.gov.ua/en/transport/ships/547
VIKTOR BAKAEV,9610810,MMSI 273258810,https://war-sanctions.gur.gov.ua/en/transport/ships/215
VIKTOR TITOV,9301407,MMSI 620999850,https://war-sanctions.gur.gov.ua/en/transport/ships/693
VIKTOR ZABELIN,9210256,MMSI 273292680,https://war-sanctions.gur.gov.ua/en/transport/ships/130
VIPER,9299874,MMSI 352003747,https://war-sanctions.gur.gov.ua/en/transport/ships/1068
VIRAT,9832559,MMSI 314001072,https://war-sanctions.gur.gov.ua/en/transport/ships/519
VISION,9236016,MMSI 305099000,https://war-sanctions.gur.gov.ua/en/transport/ships/1148
VISION,9260067,MMSI 629009378,https://war-sanctions.gur.gov.ua/en/transport/ships/1038
VITUS BERING,9613549,MMSI 273358680,https://war-sanctions.gur.gov.ua/en/transport/ships/749
VLADIMIR ARSENYEV,9901025,MMSI 620999852,https://war-sanctions.gur.gov.ua/en/transport/ships/678
VLADIMIR LATYSHEV,9921996,MMSI 273213790,https://war-sanctions.gur.gov.ua/en/transport/ships/20
VLADIMIR MONOMAKH,9842176,MMSI 273211040,https://war-sanctions.gur.gov.ua/en/transport/ships/750
VLADIMIR VINOGRADOV,9842188,MMSI 273295230,https://war-sanctions.gur.gov.ua/en/transport/ships/622
VOLANS,9422988,MMSI 314679000,https://war-sanctions.gur.gov.ua/en/transport/ships/521
VOLGA RIVER,9435363,MMSI 273339920,https://war-sanctions.gur.gov.ua/en/transport/ships/996
VOLGO BALT 106,8230077,MMSI 273459650,https://war-sanctions.gur.gov.ua/en/transport/ships/357
VOLGO DON 5043,8866321,MMSI 273316500,https://war-sanctions.gur.gov.ua/en/transport/ships/361
VOLGO-BALT188,8875530,MMSI 273435220,https://war-sanctions.gur.gov.ua/en/transport/ships/360
VOLGO-DON 205,8959166,MMSI 273374000,https://war-sanctions.gur.gov.ua/en/transport/ships/359
VOLGO-DON 5079,8852784,MMSI 273359420,https://war-sanctions.gur.gov.ua/en/transport/ships/1071
VOLGONEFT-105,8727915,MMSI 273311170,https://war-sanctions.gur.gov.ua/en/transport/ships/842
VOLGONEFT-111,8230663,MMSI 273436920,https://war-sanctions.gur.gov.ua/en/transport/ships/841
VOLGONEFT-117,8925426,MMSI 273437920,https://war-sanctions.gur.gov.ua/en/transport/ships/845
VOLGONEFT-160,8867129,MMSI 273341100,https://war-sanctions.gur.gov.ua/en/transport/ships/1044
VOLGONEFT-217,8925414,MMSI 273310170,https://war-sanctions.gur.gov.ua/en/transport/ships/844
VOLGONEFT-251,8231057,MMSI 273349500,https://war-sanctions.gur.gov.ua/en/transport/ships/1045
VOLTA RIVER,9336414,MMSI 352002521,https://war-sanctions.gur.gov.ua/en/transport/ships/563
VORAS,9203265,MMSI 613916701,https://war-sanctions.gur.gov.ua/en/transport/ships/396
VOSKHOD,9953511,MMSI 273265340,https://war-sanctions.gur.gov.ua/en/transport/ships/299
VOSTOCHNY PROSPECT,9866392,MMSI 273611590,https://war-sanctions.gur.gov.ua/en/transport/ships/623
VOYAGER,9843560,MMSI 620999886,https://war-sanctions.gur.gov.ua/en/transport/ships/423
VYACHESLAV ARSHINOV,9945136,MMSI 273613800,https://war-sanctions.gur.gov.ua/en/transport/ships/21
VYACHESLAV TIKHONOV,9538115,MMSI 273350140,https://war-sanctions.gur.gov.ua/en/transport/ships/751
WALER,9393668,MMSI 352002874,https://war-sanctions.gur.gov.ua/en/transport/ships/914
WALL,9299886,MMSI 352003640,https://war-sanctions.gur.gov.ua/en/transport/ships/991
WALRUS,9297888,MMSI 511101758,https://war-sanctions.gur.gov.ua/en/transport/ships/639
WEN YAO,9288095,MMSI,https://war-sanctions.gur.gov.ua/en/transport/ships/385
WEST HORIZON,9337327,MMSI 511101791,https://war-sanctions.gur.gov.ua/en/transport/ships/932
WIND,9252967,MMSI 356936000,https://war-sanctions.gur.gov.ua/en/transport/ships/949
WU TAI,9419151,MMSI 352004325,https://war-sanctions.gur.gov.ua/en/transport/ships/1026
WU TONG,9306627,MMSI,https://war-sanctions.gur.gov.ua/en/transport/ships/597
WUZHOU STAR,9254575,MMSI 354447000,https://war-sanctions.gur.gov.ua/en/transport/ships/368
XANTHOS EOS,9231212,MMSI 352978243,https://war-sanctions.gur.gov.ua/en/transport/ships/704
XING CHEN,9550682,MMSI 511101762,https://war-sanctions.gur.gov.ua/en/transport/ships/1028
YA QING HAI YANG,1021570,MMSI 750056000,https://war-sanctions.gur.gov.ua/en/transport/ships/589
YANA V,9931226,MMSI 273612940,https://war-sanctions.gur.gov.ua/en/transport/ships/373
YANHU,9297357,MMSI 620999848,https://war-sanctions.gur.gov.ua/en/transport/ships/496
YATEEKA,9191553,MMSI,https://war-sanctions.gur.gov.ua/en/transport/ships/839
YAZ,9735323,MMSI 273342890,https://war-sanctions.gur.gov.ua/en/transport/ships/254
YEVGENY PRIMAKOV,9753741,MMSI 273412440,https://war-sanctions.gur.gov.ua/en/transport/ships/675
YI MENG SHAN,9436941,MMSI,https://war-sanctions.gur.gov.ua/en/transport/ships/472
YI TONG,9259733,MMSI 352002051,https://war-sanctions.gur.gov.ua/en/transport/ships/783
YODAN,9304356,MMSI 577006000,https://war-sanctions.gur.gov.ua/en/transport/ships/549
YUAN QI,9271406,MMSI 620999875,https://war-sanctions.gur.gov.ua/en/transport/ships/834
YURI,9235737,MMSI,https://war-sanctions.gur.gov.ua/en/transport/ships/762
YURI BABAEV,9912696,MMSI 273296770,https://war-sanctions.gur.gov.ua/en/transport/ships/180
YURI KORCHAGIN,9448968,MMSI 273335620,https://war-sanctions.gur.gov.ua/en/transport/ships/1078
YURI SENKEVICH,9301419,MMSI 620999851,https://war-sanctions.gur.gov.ua/en/transport/ships/674
YURIY KUCHIEV,9804033,MMSI 209508000,https://war-sanctions.gur.gov.ua/en/transport/ships/418
YUZHMORGEOLOGIYA,8724482,MMSI 273422600,https://war-sanctions.gur.gov.ua/en/transport/ships/153
ZAFAR,9720263,MMSI 273254900,https://war-sanctions.gur.gov.ua/en/transport/ships/289
ZAID,9715270,MMSI 273251900,https://war-sanctions.gur.gov.ua/en/transport/ships/290
ZAKAMSK,8951413,MMSI 273216510,https://war-sanctions.gur.gov.ua/en/transport/ships/340
ZALIV AMURSKIY,9354313,MMSI 620999853,https://war-sanctions.gur.gov.ua/en/transport/ships/270
ZALIV ANIVA,9418494,MMSI 620999817,https://war-sanctions.gur.gov.ua/en/transport/ships/335
ZALIV BAIKAL,9360128,MMSI 620999849,https://war-sanctions.gur.gov.ua/en/transport/ships/673
ZALIV VOSTOK,9360130,MMSI 620999943,https://war-sanctions.gur.gov.ua/en/transport/ships/672
ZAMBRA,9175078,MMSI 352001034,https://war-sanctions.gur.gov.ua/en/transport/ships/989
ZANGAZUR,9420617,MMSI 423530100,https://war-sanctions.gur.gov.ua/en/transport/ships/873
ZARYA,9953535,MMSI 273267340,https://war-sanctions.gur.gov.ua/en/transport/ships/300
ZENITH,9610781,MMSI 620999841,https://war-sanctions.gur.gov.ua/en/transport/ships/327
ZEVS,9168946,MMSI 613833000,https://war-sanctions.gur.gov.ua/en/transport/ships/465
ZEYA,9118355,MMSI 273347430,https://war-sanctions.gur.gov.ua/en/transport/ships/194
ZVEZDA 044,9904699,MMSI,https://war-sanctions.gur.gov.ua/en/transport/ships/171
ZVEZDA 045,9904704,MMSI,https://war-sanctions.gur.gov.ua/en/transport/ships/172
ZVEZDA 046,9918779,MMSI,https://war-sanctions.gur.gov.ua/en/transport/ships/173
ZVEZDA 047,9918781,MMSI,https://war-sanctions.gur.gov.ua/en/transport/ships/174
ZVEZDA 131040,9842205,MMSI,https://war-sanctions.gur.gov.ua/en/transport/ships/753
ZVEZDA 131080,9908994,MMSI,https://war-sanctions.gur.gov.ua/en/transport/ships/754
